tenant_id,customer_id,external_tx_id,amount,currency,tx_timestamp,classification,merchant_category,device_id,ip_address_hash,location_country,channel,source,notes
550e8400-e29b-41d4-a716-446655440000,f9298b91-a55e-43e8-88f5-3313ff3dc09e,txn-00001,3836.98,USD,2025-02-01T08:00:00Z,CONFIRMED_FRAUD,GAMBLING,device-020,ip-hash-48,GH,MOBILE,SYSTEM,
550e8400-e29b-41d4-a716-446655440000,f1021207-3ee3-4991-a9a5-b445314c8cf8,txn-00002,921.63,USD,2025-02-01T08:15:00Z,CONFIRMED_FRAUD,GAMBLING,device-013,ip-hash-46,US,MOBILE,ANALYST,
550e8400-e29b-41d4-a716-446655440000,c421d45d-6669-4ea1-bb49-f722c87a338b,txn-00003,696.09,USD,2025-02-01T08:30:00Z,FALSE_POSITIVE,GAMBLING,device-018,ip-hash-45,US,WEB,ANALYST,
550e8400-e29b-41d4-a716-446655440000,3627a528-417e-442d-83a1-6b12ce78d7d6,txn-00004,3935.72,GHS,2025-02-01T08:45:00Z,CONFIRMED_FRAUD,GAMBLING,device-ring-1,ip-hash-23,US,MOBILE,SYSTEM,
550e8400-e29b-41d4-a716-446655440000,902657c4-3bca-452c-8262-226b94e10e9e,txn-00005,778.63,GHS,2025-02-01T09:00:00Z,FALSE_POSITIVE,RETAIL,device-ring-3,ip-hash-37,GH,MOBILE,CHARGEBACK,
550e8400-e29b-41d4-a716-446655440000,f90397b5-4e55-4b66-ab13-b3b4a34e6e59,txn-00006,235.06,USD,2025-02-01T09:15:00Z,FALSE_POSITIVE,RETAIL,device-021,ip-hash-7,US,WEB,ANALYST,
550e8400-e29b-41d4-a716-446655440000,f9298b91-a55e-43e8-88f5-3313ff3dc09e,txn-00007,134.31,GHS,2025-02-01T09:30:00Z,FALSE_POSITIVE,RETAIL,device-020,ip-hash-45,GH,MOBILE,SYSTEM,
550e8400-e29b-41d4-a716-446655440000,b2b850fb-f6cb-4460-ae12-4fe684f63e95,txn-00008,372.5,USD,2025-02-01T09:45:00Z,FALSE_POSITIVE,RETAIL,device-023,ip-hash-44,US,MOBILE,CHARGEBACK,
550e8400-e29b-41d4-a716-446655440000,b11eb531-0bb9-440f-8d8c-e82da713b8f4,txn-00009,1919.54,USD,2025-02-01T10:00:00Z,CONFIRMED_FRAUD,GAMBLING,device-026,ip-hash-37,US,MOBILE,SYSTEM,
550e8400-e29b-41d4-a716-446655440000,51fd83e6-0dcd-4148-b8ca-e89e6228fcb9,txn-00010,732.07,USD,2025-02-01T10:15:00Z,FALSE_POSITIVE,RETAIL,device-ring-3,ip-hash-48,US,WEB,SYSTEM,
550e8400-e29b-41d4-a716-446655440000,ed613ee6-3273-4968-b47d-c6826b92af82,txn-00011,797.87,USD,2025-02-01T10:30:00Z,FALSE_POSITIVE,RETAIL,device-ring-3,ip-hash-8,GH,MOBILE,SYSTEM,
550e8400-e29b-41d4-a716-446655440000,f1021207-3ee3-4991-a9a5-b445314c8cf8,txn-00012,310.89,GHS,2025-02-01T10:45:00Z,FALSE_POSITIVE,RETAIL,device-ring-3,ip-hash-36,GH,MOBILE,SYSTEM,
550e8400-e29b-41d4-a716-446655440000,8ef0b6c7-a300-4d6c-8ba7-2af34390ed9a,txn-00013,217.13,USD,2025-02-01T11:00:00Z,FALSE_POSITIVE,RETAIL,device-028,ip-hash-19,US,MOBILE,ANALYST,
550e8400-e29b-41d4-a716-446655440000,2a0b3109-3786-4553-9828-c8fdab778163,txn-00014,701.3,USD,2025-02-01T11:15:00Z,CONFIRMED_LEGIT,RETAIL,device-ring-1,ip-hash-33,GH,WEB,SYSTEM,
550e8400-e29b-41d4-a716-446655440000,8f65bd74-bc20-4675-a4cd-90f08ef7e140,txn-00015,126.51,USD,2025-02-01T11:30:00Z,FALSE_POSITIVE,GAMBLING,device-ring-3,ip-hash-39,US,WEB,CHARGEBACK,
550e8400-e29b-41d4-a716-446655440000,bbbe5d39-7538-42df-a2fa-7f8c90d764ac,txn-00016,703.58,USD,2025-02-01T11:45:00Z,CONFIRMED_LEGIT,GAMBLING,device-ring-1,ip-hash-16,GH,MOBILE,SYSTEM,
550e8400-e29b-41d4-a716-446655440000,51fd83e6-0dcd-4148-b8ca-e89e6228fcb9,txn-00017,782.5,GHS,2025-02-01T12:00:00Z,FALSE_POSITIVE,RETAIL,device-ring-3,ip-hash-36,GH,WEB,SYSTEM,
550e8400-e29b-41d4-a716-446655440000,94563568-b3bd-4d66-8f06-de0b49bffece,txn-00018,771.67,USD,2025-02-01T12:15:00Z,FALSE_POSITIVE,CRYPTO,device-027,ip-hash-46,US,WEB,SYSTEM,
550e8400-e29b-41d4-a716-446655440000,f9298b91-a55e-43e8-88f5-3313ff3dc09e,txn-00019,720.19,USD,2025-02-01T12:30:00Z,FALSE_POSITIVE,RETAIL,device-020,ip-hash-15,GH,WEB,CHARGEBACK,
550e8400-e29b-41d4-a716-446655440000,c421d45d-6669-4ea1-bb49-f722c87a338b,txn-00020,472.81,USD,2025-02-01T12:45:00Z,FALSE_POSITIVE,RETAIL,device-018,ip-hash-15,GH,MOBILE,ANALYST,
550e8400-e29b-41d4-a716-446655440000,ce648f5d-46be-444d-864b-1f53fb863fe7,txn-00021,226.39,GHS,2025-02-01T13:00:00Z,FALSE_POSITIVE,RETAIL,device-ring-1,ip-hash-16,US,WEB,CHARGEBACK,
550e8400-e29b-41d4-a716-446655440000,bbbe5d39-7538-42df-a2fa-7f8c90d764ac,txn-00022,2439.73,USD,2025-02-01T13:15:00Z,CONFIRMED_FRAUD,CRYPTO,device-ring-1,ip-hash-44,GH,MOBILE,ANALYST,
550e8400-e29b-41d4-a716-446655440000,b2b850fb-f6cb-4460-ae12-4fe684f63e95,txn-00023,690.03,USD,2025-02-01T13:30:00Z,FALSE_POSITIVE,RETAIL,device-023,ip-hash-35,US,MOBILE,ANALYST,
550e8400-e29b-41d4-a716-446655440000,2066ffb4-4a04-4f47-9d1b-26fd98b1c654,txn-00024,203.6,USD,2025-02-01T13:45:00Z,FALSE_POSITIVE,CRYPTO,device-ring-1,ip-hash-4,GH,MOBILE,CHARGEBACK,
550e8400-e29b-41d4-a716-446655440000,2066ffb4-4a04-4f47-9d1b-26fd98b1c654,txn-00025,387.68,USD,2025-02-01T14:00:00Z,FALSE_POSITIVE,CRYPTO,device-005,ip-hash-25,GH,WEB,ANALYST,
550e8400-e29b-41d4-a716-446655440000,4bc27d8e-f470-4046-8e38-9697c3da1c15,txn-00026,366.73,GHS,2025-02-01T14:15:00Z,FALSE_POSITIVE,RETAIL,device-029,ip-hash-10,GH,WEB,CHARGEBACK,
550e8400-e29b-41d4-a716-446655440000,9f82f1a6-0744-42d9-998e-f835517a03b5,txn-00027,436.05,GHS,2025-02-01T14:30:00Z,FALSE_POSITIVE,GAMBLING,device-ring-1,ip-hash-33,GH,MOBILE,SYSTEM,
550e8400-e29b-41d4-a716-446655440000,ce648f5d-46be-444d-864b-1f53fb863fe7,txn-00028,59.47,GHS,2025-02-01T14:45:00Z,FALSE_POSITIVE,RETAIL,device-002,ip-hash-8,GH,MOBILE,SYSTEM,
550e8400-e29b-41d4-a716-446655440000,ce648f5d-46be-444d-864b-1f53fb863fe7,txn-00029,469.02,USD,2025-02-01T15:00:00Z,FALSE_POSITIVE,RETAIL,device-002,ip-hash-43,US,MOBILE,ANALYST,
550e8400-e29b-41d4-a716-446655440000,ed613ee6-3273-4968-b47d-c6826b92af82,txn-00030,3404.75,USD,2025-02-01T15:15:00Z,CONFIRMED_FRAUD,CRYPTO,device-012,ip-hash-1,US,MOBILE,CHARGEBACK,
550e8400-e29b-41d4-a716-446655440000,6e493456-d626-4f6d-a7de-a740c24925c5,txn-00031,1693.4,USD,2025-02-01T15:30:00Z,CONFIRMED_FRAUD,RETAIL,device-017,ip-hash-24,US,MOBILE,ANALYST,
550e8400-e29b-41d4-a716-446655440000,b11eb531-0bb9-440f-8d8c-e82da713b8f4,txn-00032,245.5,USD,2025-02-01T15:45:00Z,FALSE_POSITIVE,CRYPTO,device-026,ip-hash-43,US,MOBILE,CHARGEBACK,
550e8400-e29b-41d4-a716-446655440000,756ca5e1-dfef-4fc4-bb44-f5c3ba321b45,txn-00033,981.66,USD,2025-02-01T16:00:00Z,CONFIRMED_FRAUD,CRYPTO,device-ring-2,ip-hash-46,US,MOBILE,SYSTEM,
550e8400-e29b-41d4-a716-446655440000,f9298b91-a55e-43e8-88f5-3313ff3dc09e,txn-00034,406.8,USD,2025-02-01T16:15:00Z,FALSE_POSITIVE,RETAIL,device-020,ip-hash-6,US,WEB,CHARGEBACK,
550e8400-e29b-41d4-a716-446655440000,2a0b3109-3786-4553-9828-c8fdab778163,txn-00035,109.0,GHS,2025-02-01T16:30:00Z,FALSE_POSITIVE,CRYPTO,device-ring-1,ip-hash-36,US,MOBILE,CHARGEBACK,
550e8400-e29b-41d4-a716-446655440000,ce648f5d-46be-444d-864b-1f53fb863fe7,txn-00036,554.36,GHS,2025-02-01T16:45:00Z,CONFIRMED_LEGIT,RETAIL,device-ring-1,ip-hash-38,GH,WEB,CHARGEBACK,
550e8400-e29b-41d4-a716-446655440000,9f82f1a6-0744-42d9-998e-f835517a03b5,txn-00037,719.69,GHS,2025-02-01T17:00:00Z,FALSE_POSITIVE,GAMBLING,device-001,ip-hash-14,GH,MOBILE,ANALYST,
550e8400-e29b-41d4-a716-446655440000,b54bb828-5a85-4631-aa87-2afcca3ed571,txn-00038,700.4,USD,2025-02-01T17:15:00Z,FALSE_POSITIVE,CRYPTO,device-024,ip-hash-16,GH,MOBILE,ANALYST,
550e8400-e29b-41d4-a716-446655440000,2a0b3109-3786-4553-9828-c8fdab778163,txn-00039,4660.19,USD,2025-02-01T17:30:00Z,CONFIRMED_FRAUD,CRYPTO,device-ring-1,ip-hash-18,GH,MOBILE,ANALYST,
550e8400-e29b-41d4-a716-446655440000,94563568-b3bd-4d66-8f06-de0b49bffece,txn-00040,2618.11,GHS,2025-02-01T17:45:00Z,CONFIRMED_FRAUD,GAMBLING,device-027,ip-hash-23,US,MOBILE,CHARGEBACK,
550e8400-e29b-41d4-a716-446655440000,2a0b3109-3786-4553-9828-c8fdab778163,txn-00041,321.78,GHS,2025-02-01T18:00:00Z,FALSE_POSITIVE,RETAIL,device-ring-1,ip-hash-23,US,WEB,CHARGEBACK,
550e8400-e29b-41d4-a716-446655440000,bbbe5d39-7538-42df-a2fa-7f8c90d764ac,txn-00042,212.67,USD,2025-02-01T18:15:00Z,FALSE_POSITIVE,RETAIL,device-003,ip-hash-7,US,WEB,SYSTEM,
550e8400-e29b-41d4-a716-446655440000,15ef858e-69ab-4933-8b5a-3197feda26bc,txn-00043,486.94,GHS,2025-02-01T18:30:00Z,FALSE_POSITIVE,RETAIL,device-025,ip-hash-37,GH,WEB,CHARGEBACK,
550e8400-e29b-41d4-a716-446655440000,a33b91e6-00ad-4603-9e76-8b6cab0821f8,txn-00044,418.34,USD,2025-02-01T18:45:00Z,FALSE_POSITIVE,GAMBLING,device-022,ip-hash-24,US,MOBILE,SYSTEM,
550e8400-e29b-41d4-a716-446655440000,4bc27d8e-f470-4046-8e38-9697c3da1c15,txn-00045,254.56,GHS,2025-02-01T19:00:00Z,FALSE_POSITIVE,GAMBLING,device-029,ip-hash-33,US,WEB,ANALYST,
550e8400-e29b-41d4-a716-446655440000,ed613ee6-3273-4968-b47d-c6826b92af82,txn-00046,445.76,GHS,2025-02-01T19:15:00Z,FALSE_POSITIVE,RETAIL,device-012,ip-hash-44,GH,WEB,ANALYST,
550e8400-e29b-41d4-a716-446655440000,6e493456-d626-4f6d-a7de-a740c24925c5,txn-00047,246.58,GHS,2025-02-01T19:30:00Z,FALSE_POSITIVE,RETAIL,device-017,ip-hash-30,US,WEB,SYSTEM,
550e8400-e29b-41d4-a716-446655440000,2f54dd7c-efcb-4c4e-ae1a-10a699c012e0,txn-00048,636.02,USD,2025-02-01T19:45:00Z,FALSE_POSITIVE,CRYPTO,device-006,ip-hash-19,US,MOBILE,CHARGEBACK,
550e8400-e29b-41d4-a716-446655440000,f90397b5-4e55-4b66-ab13-b3b4a34e6e59,txn-00049,646.22,USD,2025-02-01T20:00:00Z,FALSE_POSITIVE,RETAIL,device-021,ip-hash-16,US,MOBILE,ANALYST,
550e8400-e29b-41d4-a716-446655440000,f1021207-3ee3-4991-a9a5-b445314c8cf8,txn-00050,462.66,GHS,2025-02-01T20:15:00Z,FALSE_POSITIVE,GAMBLING,device-ring-3,ip-hash-16,GH,MOBILE,CHARGEBACK,
550e8400-e29b-41d4-a716-446655440000,b54bb828-5a85-4631-aa87-2afcca3ed571,txn-00051,144.83,GHS,2025-02-01T20:30:00Z,FALSE_POSITIVE,CRYPTO,device-024,ip-hash-4,GH,MOBILE,ANALYST,
550e8400-e29b-41d4-a716-446655440000,3627a528-417e-442d-83a1-6b12ce78d7d6,txn-00052,535.72,GHS,2025-02-01T20:45:00Z,FALSE_POSITIVE,CRYPTO,device-ring-1,ip-hash-40,US,WEB,CHARGEBACK,
550e8400-e29b-41d4-a716-446655440000,b2b850fb-f6cb-4460-ae12-4fe684f63e95,txn-00053,362.81,GHS,2025-02-01T21:00:00Z,FALSE_POSITIVE,GAMBLING,device-023,ip-hash-50,US,MOBILE,ANALYST,
550e8400-e29b-41d4-a716-446655440000,902657c4-3bca-452c-8262-226b94e10e9e,txn-00054,1785.78,USD,2025-02-01T21:15:00Z,CONFIRMED_FRAUD,GAMBLING,device-ring-3,ip-hash-9,GH,MOBILE,ANALYST,
550e8400-e29b-41d4-a716-446655440000,a33b91e6-00ad-4603-9e76-8b6cab0821f8,txn-00055,1462.79,GHS,2025-02-01T21:30:00Z,CONFIRMED_FRAUD,CRYPTO,device-022,ip-hash-35,US,WEB,CHARGEBACK,
550e8400-e29b-41d4-a716-446655440000,2f54dd7c-efcb-4c4e-ae1a-10a699c012e0,txn-00056,314.63,USD,2025-02-01T21:45:00Z,FALSE_POSITIVE,GAMBLING,device-006,ip-hash-49,US,WEB,CHARGEBACK,
550e8400-e29b-41d4-a716-446655440000,672764d9-f906-418d-8355-4411b62bb366,txn-00057,315.04,USD,2025-02-01T22:00:00Z,FALSE_POSITIVE,CRYPTO,device-011,ip-hash-32,GH,WEB,ANALYST,
550e8400-e29b-41d4-a716-446655440000,51fd83e6-0dcd-4148-b8ca-e89e6228fcb9,txn-00058,2012.58,USD,2025-02-01T22:15:00Z,CONFIRMED_FRAUD,CRYPTO,device-ring-3,ip-hash-30,GH,MOBILE,ANALYST,
550e8400-e29b-41d4-a716-446655440000,c421d45d-6669-4ea1-bb49-f722c87a338b,txn-00059,26.55,USD,2025-02-01T22:30:00Z,FALSE_POSITIVE,RETAIL,device-018,ip-hash-30,GH,MOBILE,ANALYST,
550e8400-e29b-41d4-a716-446655440000,ed613ee6-3273-4968-b47d-c6826b92af82,txn-00060,366.49,GHS,2025-02-01T22:45:00Z,FALSE_POSITIVE,RETAIL,device-012,ip-hash-49,US,WEB,CHARGEBACK,
550e8400-e29b-41d4-a716-446655440000,51fd83e6-0dcd-4148-b8ca-e89e6228fcb9,txn-00061,2927.39,USD,2025-02-01T23:00:00Z,CONFIRMED_FRAUD,RETAIL,device-ring-3,ip-hash-50,GH,MOBILE,CHARGEBACK,
550e8400-e29b-41d4-a716-446655440000,2f54dd7c-efcb-4c4e-ae1a-10a699c012e0,txn-00062,498.96,USD,2025-02-01T23:15:00Z,FALSE_POSITIVE,RETAIL,device-ring-2,ip-hash-37,GH,WEB,SYSTEM,
550e8400-e29b-41d4-a716-446655440000,756ca5e1-dfef-4fc4-bb44-f5c3ba321b45,txn-00063,138.39,USD,2025-02-01T23:30:00Z,FALSE_POSITIVE,RETAIL,device-008,ip-hash-50,GH,WEB,CHARGEBACK,
550e8400-e29b-41d4-a716-446655440000,c421d45d-6669-4ea1-bb49-f722c87a338b,txn-00064,1903.81,GHS,2025-02-01T23:45:00Z,CONFIRMED_FRAUD,CRYPTO,device-018,ip-hash-26,GH,MOBILE,SYSTEM,
550e8400-e29b-41d4-a716-446655440000,a33b91e6-00ad-4603-9e76-8b6cab0821f8,txn-00065,198.07,GHS,2025-02-02T00:00:00Z,FALSE_POSITIVE,RETAIL,device-022,ip-hash-44,GH,MOBILE,ANALYST,
550e8400-e29b-41d4-a716-446655440000,6e493456-d626-4f6d-a7de-a740c24925c5,txn-00066,299.6,GHS,2025-02-02T00:15:00Z,FALSE_POSITIVE,RETAIL,device-ring-3,ip-hash-32,GH,WEB,ANALYST,
550e8400-e29b-41d4-a716-446655440000,f9298b91-a55e-43e8-88f5-3313ff3dc09e,txn-00067,370.49,USD,2025-02-02T00:30:00Z,FALSE_POSITIVE,RETAIL,device-020,ip-hash-47,US,WEB,ANALYST,
550e8400-e29b-41d4-a716-446655440000,f1021207-3ee3-4991-a9a5-b445314c8cf8,txn-00068,476.02,USD,2025-02-02T00:45:00Z,FALSE_POSITIVE,RETAIL,device-ring-3,ip-hash-18,US,MOBILE,ANALYST,
550e8400-e29b-41d4-a716-446655440000,c421d45d-6669-4ea1-bb49-f722c87a338b,txn-00069,306.3,GHS,2025-02-02T01:00:00Z,FALSE_POSITIVE,RETAIL,device-018,ip-hash-12,US,MOBILE,ANALYST,
550e8400-e29b-41d4-a716-446655440000,15ef858e-69ab-4933-8b5a-3197feda26bc,txn-00070,227.33,GHS,2025-02-02T01:15:00Z,FALSE_POSITIVE,RETAIL,device-025,ip-hash-36,GH,MOBILE,CHARGEBACK,
550e8400-e29b-41d4-a716-446655440000,23b30481-729a-4437-aebf-5d1d3f93a401,txn-00071,393.42,GHS,2025-02-02T01:30:00Z,FALSE_POSITIVE,GAMBLING,device-007,ip-hash-29,GH,MOBILE,ANALYST,
550e8400-e29b-41d4-a716-446655440000,23b30481-729a-4437-aebf-5d1d3f93a401,txn-00072,198.43,GHS,2025-02-02T01:45:00Z,FALSE_POSITIVE,RETAIL,device-ring-2,ip-hash-28,US,WEB,SYSTEM,
550e8400-e29b-41d4-a716-446655440000,902657c4-3bca-452c-8262-226b94e10e9e,txn-00073,204.87,USD,2025-02-02T02:00:00Z,FALSE_POSITIVE,RETAIL,device-ring-3,ip-hash-48,GH,MOBILE,CHARGEBACK,
550e8400-e29b-41d4-a716-446655440000,b2b850fb-f6cb-4460-ae12-4fe684f63e95,txn-00074,581.05,GHS,2025-02-02T02:15:00Z,FALSE_POSITIVE,CRYPTO,device-023,ip-hash-7,GH,WEB,CHARGEBACK,
550e8400-e29b-41d4-a716-446655440000,672764d9-f906-418d-8355-4411b62bb366,txn-00075,563.67,USD,2025-02-02T02:30:00Z,CONFIRMED_FRAUD,CRYPTO,device-ring-2,ip-hash-36,US,MOBILE,SYSTEM,
550e8400-e29b-41d4-a716-446655440000,94563568-b3bd-4d66-8f06-de0b49bffece,txn-00076,86.56,GHS,2025-02-02T02:45:00Z,FALSE_POSITIVE,RETAIL,device-027,ip-hash-31,US,WEB,ANALYST,
550e8400-e29b-41d4-a716-446655440000,2066ffb4-4a04-4f47-9d1b-26fd98b1c654,txn-00077,205.72,USD,2025-02-02T03:00:00Z,CONFIRMED_LEGIT,CRYPTO,device-ring-1,ip-hash-26,US,MOBILE,SYSTEM,
550e8400-e29b-41d4-a716-446655440000,f9298b91-a55e-43e8-88f5-3313ff3dc09e,txn-00078,125.62,GHS,2025-02-02T03:15:00Z,FALSE_POSITIVE,GAMBLING,device-020,ip-hash-6,GH,MOBILE,SYSTEM,
550e8400-e29b-41d4-a716-446655440000,b54bb828-5a85-4631-aa87-2afcca3ed571,txn-00079,478.92,GHS,2025-02-02T03:30:00Z,FALSE_POSITIVE,RETAIL,device-024,ip-hash-29,US,WEB,SYSTEM,
550e8400-e29b-41d4-a716-446655440000,f1021207-3ee3-4991-a9a5-b445314c8cf8,txn-00080,498.72,USD,2025-02-02T03:45:00Z,FALSE_POSITIVE,RETAIL,device-013,ip-hash-41,GH,WEB,SYSTEM,
550e8400-e29b-41d4-a716-446655440000,ce648f5d-46be-444d-864b-1f53fb863fe7,txn-00081,1282.16,GHS,2025-02-02T04:00:00Z,CONFIRMED_FRAUD,GAMBLING,device-ring-1,ip-hash-45,US,WEB,CHARGEBACK,
550e8400-e29b-41d4-a716-446655440000,23b30481-729a-4437-aebf-5d1d3f93a401,txn-00082,229.76,USD,2025-02-02T04:15:00Z,FALSE_POSITIVE,CRYPTO,device-ring-2,ip-hash-17,GH,WEB,CHARGEBACK,
550e8400-e29b-41d4-a716-446655440000,6e493456-d626-4f6d-a7de-a740c24925c5,txn-00083,123.45,USD,2025-02-02T04:30:00Z,FALSE_POSITIVE,RETAIL,device-ring-3,ip-hash-11,US,WEB,ANALYST,
550e8400-e29b-41d4-a716-446655440000,bbbe5d39-7538-42df-a2fa-7f8c90d764ac,txn-00084,246.75,GHS,2025-02-02T04:45:00Z,FALSE_POSITIVE,RETAIL,device-ring-1,ip-hash-29,GH,MOBILE,ANALYST,
550e8400-e29b-41d4-a716-446655440000,b2b850fb-f6cb-4460-ae12-4fe684f63e95,txn-00085,204.04,USD,2025-02-02T05:00:00Z,FALSE_POSITIVE,RETAIL,device-023,ip-hash-49,US,MOBILE,CHARGEBACK,
550e8400-e29b-41d4-a716-446655440000,51fd83e6-0dcd-4148-b8ca-e89e6228fcb9,txn-00086,356.57,GHS,2025-02-02T05:15:00Z,FALSE_POSITIVE,RETAIL,device-015,ip-hash-41,US,MOBILE,ANALYST,
550e8400-e29b-41d4-a716-446655440000,672764d9-f906-418d-8355-4411b62bb366,txn-00087,260.24,GHS,2025-02-02T05:30:00Z,FALSE_POSITIVE,RETAIL,device-ring-2,ip-hash-45,US,WEB,SYSTEM,
550e8400-e29b-41d4-a716-446655440000,ed613ee6-3273-4968-b47d-c6826b92af82,txn-00088,442.33,GHS,2025-02-02T05:45:00Z,FALSE_POSITIVE,RETAIL,device-ring-3,ip-hash-8,US,MOBILE,SYSTEM,
550e8400-e29b-41d4-a716-446655440000,94563568-b3bd-4d66-8f06-de0b49bffece,txn-00089,333.53,GHS,2025-02-02T06:00:00Z,FALSE_POSITIVE,RETAIL,device-027,ip-hash-40,US,WEB,CHARGEBACK,
550e8400-e29b-41d4-a716-446655440000,2f54dd7c-efcb-4c4e-ae1a-10a699c012e0,txn-00090,109.16,GHS,2025-02-02T06:15:00Z,FALSE_POSITIVE,RETAIL,device-006,ip-hash-8,GH,MOBILE,SYSTEM,
550e8400-e29b-41d4-a716-446655440000,2066ffb4-4a04-4f47-9d1b-26fd98b1c654,txn-00091,15.87,USD,2025-02-02T06:30:00Z,FALSE_POSITIVE,RETAIL,device-ring-1,ip-hash-30,GH,MOBILE,ANALYST,
550e8400-e29b-41d4-a716-446655440000,4bc27d8e-f470-4046-8e38-9697c3da1c15,txn-00092,409.55,GHS,2025-02-02T06:45:00Z,FALSE_POSITIVE,RETAIL,device-029,ip-hash-31,GH,WEB,SYSTEM,
550e8400-e29b-41d4-a716-446655440000,3627a528-417e-442d-83a1-6b12ce78d7d6,txn-00093,737.89,USD,2025-02-02T07:00:00Z,FALSE_POSITIVE,RETAIL,device-004,ip-hash-18,US,WEB,SYSTEM,
550e8400-e29b-41d4-a716-446655440000,756ca5e1-dfef-4fc4-bb44-f5c3ba321b45,txn-00094,229.86,GHS,2025-02-02T07:15:00Z,FALSE_POSITIVE,RETAIL,device-ring-2,ip-hash-10,US,WEB,ANALYST,
550e8400-e29b-41d4-a716-446655440000,53b8e0f1-36d4-45ed-893f-544d81b563c8,txn-00095,437.03,USD,2025-02-02T07:30:00Z,FALSE_POSITIVE,RETAIL,device-ring-2,ip-hash-45,GH,WEB,CHARGEBACK,
550e8400-e29b-41d4-a716-446655440000,94563568-b3bd-4d66-8f06-de0b49bffece,txn-00096,39.7,GHS,2025-02-02T07:45:00Z,FALSE_POSITIVE,GAMBLING,device-027,ip-hash-25,GH,WEB,CHARGEBACK,
550e8400-e29b-41d4-a716-446655440000,3627a528-417e-442d-83a1-6b12ce78d7d6,txn-00097,474.19,GHS,2025-02-02T08:00:00Z,FALSE_POSITIVE,CRYPTO,device-004,ip-hash-7,US,MOBILE,SYSTEM,
550e8400-e29b-41d4-a716-446655440000,3627a528-417e-442d-83a1-6b12ce78d7d6,txn-00098,525.55,GHS,2025-02-02T08:15:00Z,FALSE_POSITIVE,RETAIL,device-ring-1,ip-hash-22,US,MOBILE,ANALYST,
550e8400-e29b-41d4-a716-446655440000,94563568-b3bd-4d66-8f06-de0b49bffece,txn-00099,429.23,GHS,2025-02-02T08:30:00Z,FALSE_POSITIVE,CRYPTO,device-027,ip-hash-35,GH,MOBILE,CHARGEBACK,
550e8400-e29b-41d4-a716-446655440000,f9298b91-a55e-43e8-88f5-3313ff3dc09e,txn-00100,233.47,USD,2025-02-02T08:45:00Z,FALSE_POSITIVE,RETAIL,device-020,ip-hash-28,GH,MOBILE,ANALYST,
550e8400-e29b-41d4-a716-446655440000,2066ffb4-4a04-4f47-9d1b-26fd98b1c654,txn-00101,723.22,GHS,2025-02-02T09:00:00Z,FALSE_POSITIVE,RETAIL,device-005,ip-hash-23,US,WEB,CHARGEBACK,
550e8400-e29b-41d4-a716-446655440000,23b30481-729a-4437-aebf-5d1d3f93a401,txn-00102,454.91,USD,2025-02-02T09:15:00Z,FALSE_POSITIVE,GAMBLING,device-ring-2,ip-hash-40,US,MOBILE,ANALYST,
550e8400-e29b-41d4-a716-446655440000,4bc27d8e-f470-4046-8e38-9697c3da1c15,txn-00103,189.59,GHS,2025-02-02T09:30:00Z,FALSE_POSITIVE,RETAIL,device-029,ip-hash-17,GH,WEB,ANALYST,
550e8400-e29b-41d4-a716-446655440000,f90397b5-4e55-4b66-ab13-b3b4a34e6e59,txn-00104,63.72,GHS,2025-02-02T09:45:00Z,FALSE_POSITIVE,CRYPTO,device-021,ip-hash-41,US,WEB,ANALYST,
550e8400-e29b-41d4-a716-446655440000,94563568-b3bd-4d66-8f06-de0b49bffece,txn-00105,799.5,USD,2025-02-02T10:00:00Z,FALSE_POSITIVE,CRYPTO,device-027,ip-hash-16,US,WEB,SYSTEM,
550e8400-e29b-41d4-a716-446655440000,35fcf2ba-996e-4d28-810b-def28871df3a,txn-00106,239.71,GHS,2025-02-02T10:15:00Z,CONFIRMED_LEGIT,CRYPTO,device-009,ip-hash-1,GH,WEB,ANALYST,
550e8400-e29b-41d4-a716-446655440000,b54bb828-5a85-4631-aa87-2afcca3ed571,txn-00107,487.62,USD,2025-02-02T10:30:00Z,FALSE_POSITIVE,RETAIL,device-024,ip-hash-40,US,MOBILE,SYSTEM,
550e8400-e29b-41d4-a716-446655440000,bbbe5d39-7538-42df-a2fa-7f8c90d764ac,txn-00108,518.84,GHS,2025-02-02T10:45:00Z,CONFIRMED_LEGIT,RETAIL,device-ring-1,ip-hash-47,GH,MOBILE,ANALYST,
550e8400-e29b-41d4-a716-446655440000,53b8e0f1-36d4-45ed-893f-544d81b563c8,txn-00109,144.63,GHS,2025-02-02T11:00:00Z,FALSE_POSITIVE,RETAIL,device-ring-2,ip-hash-34,US,MOBILE,ANALYST,
550e8400-e29b-41d4-a716-446655440000,4bc27d8e-f470-4046-8e38-9697c3da1c15,txn-00110,388.07,GHS,2025-02-02T11:15:00Z,FALSE_POSITIVE,GAMBLING,device-029,ip-hash-8,US,MOBILE,CHARGEBACK,
550e8400-e29b-41d4-a716-446655440000,b54bb828-5a85-4631-aa87-2afcca3ed571,txn-00111,688.81,GHS,2025-02-02T11:30:00Z,CONFIRMED_LEGIT,GAMBLING,device-024,ip-hash-36,US,MOBILE,ANALYST,
550e8400-e29b-41d4-a716-446655440000,2a0b3109-3786-4553-9828-c8fdab778163,txn-00112,103.25,GHS,2025-02-02T11:45:00Z,FALSE_POSITIVE,RETAIL,device-000,ip-hash-38,US,WEB,CHARGEBACK,
550e8400-e29b-41d4-a716-446655440000,f90397b5-4e55-4b66-ab13-b3b4a34e6e59,txn-00113,24.89,GHS,2025-02-02T12:00:00Z,FALSE_POSITIVE,CRYPTO,device-021,ip-hash-40,GH,MOBILE,SYSTEM,
550e8400-e29b-41d4-a716-446655440000,b11eb531-0bb9-440f-8d8c-e82da713b8f4,txn-00114,562.36,USD,2025-02-02T12:15:00Z,FALSE_POSITIVE,RETAIL,device-026,ip-hash-9,GH,MOBILE,ANALYST,
550e8400-e29b-41d4-a716-446655440000,51fd83e6-0dcd-4148-b8ca-e89e6228fcb9,txn-00115,1556.6,GHS,2025-02-02T12:30:00Z,CONFIRMED_FRAUD,CRYPTO,device-ring-3,ip-hash-43,US,MOBILE,ANALYST,
550e8400-e29b-41d4-a716-446655440000,f9298b91-a55e-43e8-88f5-3313ff3dc09e,txn-00116,2702.06,GHS,2025-02-02T12:45:00Z,CONFIRMED_FRAUD,CRYPTO,device-020,ip-hash-3,US,MOBILE,ANALYST,
550e8400-e29b-41d4-a716-446655440000,902657c4-3bca-452c-8262-226b94e10e9e,txn-00117,685.08,GHS,2025-02-02T13:00:00Z,CONFIRMED_LEGIT,RETAIL,device-014,ip-hash-4,US,WEB,CHARGEBACK,
550e8400-e29b-41d4-a716-446655440000,bbbe5d39-7538-42df-a2fa-7f8c90d764ac,txn-00118,660.23,USD,2025-02-02T13:15:00Z,CONFIRMED_LEGIT,RETAIL,device-ring-1,ip-hash-4,US,MOBILE,CHARGEBACK,
550e8400-e29b-41d4-a716-446655440000,15ef858e-69ab-4933-8b5a-3197feda26bc,txn-00119,59.55,USD,2025-02-02T13:30:00Z,FALSE_POSITIVE,GAMBLING,device-025,ip-hash-38,GH,MOBILE,ANALYST,
550e8400-e29b-41d4-a716-446655440000,b54bb828-5a85-4631-aa87-2afcca3ed571,txn-00120,4552.39,USD,2025-02-02T13:45:00Z,CONFIRMED_FRAUD,GAMBLING,device-024,ip-hash-9,US,MOBILE,CHARGEBACK,
550e8400-e29b-41d4-a716-446655440000,f90397b5-4e55-4b66-ab13-b3b4a34e6e59,txn-00121,109.78,USD,2025-02-02T14:00:00Z,FALSE_POSITIVE,RETAIL,device-021,ip-hash-38,US,MOBILE,CHARGEBACK,
550e8400-e29b-41d4-a716-446655440000,756ca5e1-dfef-4fc4-bb44-f5c3ba321b45,txn-00122,3837.73,GHS,2025-02-02T14:15:00Z,CONFIRMED_FRAUD,CRYPTO,device-008,ip-hash-29,US,MOBILE,ANALYST,
550e8400-e29b-41d4-a716-446655440000,8f65bd74-bc20-4675-a4cd-90f08ef7e140,txn-00123,494.01,GHS,2025-02-02T14:30:00Z,FALSE_POSITIVE,GAMBLING,device-016,ip-hash-30,GH,MOBILE,ANALYST,
550e8400-e29b-41d4-a716-446655440000,94563568-b3bd-4d66-8f06-de0b49bffece,txn-00124,550.45,GHS,2025-02-02T14:45:00Z,FALSE_POSITIVE,RETAIL,device-027,ip-hash-5,GH,WEB,SYSTEM,
550e8400-e29b-41d4-a716-446655440000,3627a528-417e-442d-83a1-6b12ce78d7d6,txn-00125,1737.57,GHS,2025-02-02T15:00:00Z,CONFIRMED_FRAUD,CRYPTO,device-ring-1,ip-hash-25,US,WEB,SYSTEM,
550e8400-e29b-41d4-a716-446655440000,8f679098-4ffb-449c-b0f4-4201be3a7917,txn-00126,635.51,USD,2025-02-02T15:15:00Z,FALSE_POSITIVE,RETAIL,device-019,ip-hash-28,US,MOBILE,ANALYST,
550e8400-e29b-41d4-a716-446655440000,53b8e0f1-36d4-45ed-893f-544d81b563c8,txn-00127,321.99,GHS,2025-02-02T15:30:00Z,FALSE_POSITIVE,GAMBLING,device-ring-2,ip-hash-43,US,WEB,CHARGEBACK,
550e8400-e29b-41d4-a716-446655440000,f90397b5-4e55-4b66-ab13-b3b4a34e6e59,txn-00128,58.37,USD,2025-02-02T15:45:00Z,CONFIRMED_LEGIT,GAMBLING,device-021,ip-hash-28,GH,WEB,CHARGEBACK,
550e8400-e29b-41d4-a716-446655440000,6e493456-d626-4f6d-a7de-a740c24925c5,txn-00129,4804.81,GHS,2025-02-02T16:00:00Z,CONFIRMED_FRAUD,CRYPTO,device-017,ip-hash-23,US,MOBILE,ANALYST,
550e8400-e29b-41d4-a716-446655440000,8f679098-4ffb-449c-b0f4-4201be3a7917,txn-00130,87.36,USD,2025-02-02T16:15:00Z,FALSE_POSITIVE,RETAIL,device-019,ip-hash-43,US,MOBILE,CHARGEBACK,
550e8400-e29b-41d4-a716-446655440000,672764d9-f906-418d-8355-4411b62bb366,txn-00131,297.21,GHS,2025-02-02T16:30:00Z,FALSE_POSITIVE,GAMBLING,device-ring-2,ip-hash-36,GH,WEB,CHARGEBACK,
550e8400-e29b-41d4-a716-446655440000,2066ffb4-4a04-4f47-9d1b-26fd98b1c654,txn-00132,611.12,USD,2025-02-02T16:45:00Z,FALSE_POSITIVE,CRYPTO,device-ring-1,ip-hash-10,US,MOBILE,CHARGEBACK,
550e8400-e29b-41d4-a716-446655440000,b2b850fb-f6cb-4460-ae12-4fe684f63e95,txn-00133,29.37,USD,2025-02-02T17:00:00Z,FALSE_POSITIVE,GAMBLING,device-023,ip-hash-25,US,WEB,ANALYST,
550e8400-e29b-41d4-a716-446655440000,2066ffb4-4a04-4f47-9d1b-26fd98b1c654,txn-00134,578.67,USD,2025-02-02T17:15:00Z,FALSE_POSITIVE,GAMBLING,device-ring-1,ip-hash-4,GH,MOBILE,SYSTEM,
550e8400-e29b-41d4-a716-446655440000,9f82f1a6-0744-42d9-998e-f835517a03b5,txn-00135,221.32,GHS,2025-02-02T17:30:00Z,FALSE_POSITIVE,RETAIL,device-ring-1,ip-hash-27,US,MOBILE,SYSTEM,
550e8400-e29b-41d4-a716-446655440000,bbbe5d39-7538-42df-a2fa-7f8c90d764ac,txn-00136,93.16,GHS,2025-02-02T17:45:00Z,FALSE_POSITIVE,RETAIL,device-ring-1,ip-hash-3,GH,WEB,SYSTEM,
550e8400-e29b-41d4-a716-446655440000,9f82f1a6-0744-42d9-998e-f835517a03b5,txn-00137,1856.39,GHS,2025-02-02T18:00:00Z,CONFIRMED_FRAUD,GAMBLING,device-ring-1,ip-hash-19,US,MOBILE,CHARGEBACK,
550e8400-e29b-41d4-a716-446655440000,51fd83e6-0dcd-4148-b8ca-e89e6228fcb9,txn-00138,144.68,GHS,2025-02-02T18:15:00Z,FALSE_POSITIVE,RETAIL,device-015,ip-hash-5,US,MOBILE,ANALYST,
550e8400-e29b-41d4-a716-446655440000,2a0b3109-3786-4553-9828-c8fdab778163,txn-00139,66.9,GHS,2025-02-02T18:30:00Z,FALSE_POSITIVE,RETAIL,device-ring-1,ip-hash-46,US,WEB,CHARGEBACK,
550e8400-e29b-41d4-a716-446655440000,ed613ee6-3273-4968-b47d-c6826b92af82,txn-00140,1961.46,GHS,2025-02-02T18:45:00Z,CONFIRMED_FRAUD,RETAIL,device-012,ip-hash-6,US,MOBILE,CHARGEBACK,
550e8400-e29b-41d4-a716-446655440000,f1021207-3ee3-4991-a9a5-b445314c8cf8,txn-00141,421.55,GHS,2025-02-02T19:00:00Z,FALSE_POSITIVE,RETAIL,device-ring-3,ip-hash-15,US,MOBILE,CHARGEBACK,
550e8400-e29b-41d4-a716-446655440000,8f65bd74-bc20-4675-a4cd-90f08ef7e140,txn-00142,426.83,GHS,2025-02-02T19:15:00Z,FALSE_POSITIVE,RETAIL,device-016,ip-hash-47,GH,MOBILE,CHARGEBACK,
550e8400-e29b-41d4-a716-446655440000,3627a528-417e-442d-83a1-6b12ce78d7d6,txn-00143,142.93,USD,2025-02-02T19:30:00Z,FALSE_POSITIVE,RETAIL,device-004,ip-hash-12,US,WEB,SYSTEM,
550e8400-e29b-41d4-a716-446655440000,b54bb828-5a85-4631-aa87-2afcca3ed571,txn-00144,546.5,GHS,2025-02-02T19:45:00Z,FALSE_POSITIVE,CRYPTO,device-024,ip-hash-41,US,MOBILE,ANALYST,
550e8400-e29b-41d4-a716-446655440000,ce648f5d-46be-444d-864b-1f53fb863fe7,txn-00145,506.95,GHS,2025-02-02T20:00:00Z,FALSE_POSITIVE,GAMBLING,device-ring-1,ip-hash-33,GH,WEB,ANALYST,
550e8400-e29b-41d4-a716-446655440000,902657c4-3bca-452c-8262-226b94e10e9e,txn-00146,2159.32,USD,2025-02-02T20:15:00Z,CONFIRMED_FRAUD,GAMBLING,device-014,ip-hash-40,US,WEB,SYSTEM,
550e8400-e29b-41d4-a716-446655440000,6e493456-d626-4f6d-a7de-a740c24925c5,txn-00147,592.44,USD,2025-02-02T20:30:00Z,CONFIRMED_LEGIT,RETAIL,device-017,ip-hash-21,US,MOBILE,CHARGEBACK,
550e8400-e29b-41d4-a716-446655440000,902657c4-3bca-452c-8262-226b94e10e9e,txn-00148,4546.07,USD,2025-02-02T20:45:00Z,CONFIRMED_FRAUD,GAMBLING,device-014,ip-hash-3,GH,WEB,ANALYST,
550e8400-e29b-41d4-a716-446655440000,8f65bd74-bc20-4675-a4cd-90f08ef7e140,txn-00149,131.2,GHS,2025-02-02T21:00:00Z,FALSE_POSITIVE,RETAIL,device-ring-3,ip-hash-50,US,MOBILE,SYSTEM,
550e8400-e29b-41d4-a716-446655440000,f9298b91-a55e-43e8-88f5-3313ff3dc09e,txn-00150,267.1,GHS,2025-02-02T21:15:00Z,FALSE_POSITIVE,RETAIL,device-020,ip-hash-19,US,MOBILE,ANALYST,
550e8400-e29b-41d4-a716-446655440000,ce648f5d-46be-444d-864b-1f53fb863fe7,txn-00151,117.44,GHS,2025-02-02T21:30:00Z,FALSE_POSITIVE,RETAIL,device-002,ip-hash-9,GH,WEB,SYSTEM,
550e8400-e29b-41d4-a716-446655440000,ed613ee6-3273-4968-b47d-c6826b92af82,txn-00152,266.14,USD,2025-02-02T21:45:00Z,FALSE_POSITIVE,RETAIL,device-012,ip-hash-42,US,WEB,CHARGEBACK,
550e8400-e29b-41d4-a716-446655440000,672764d9-f906-418d-8355-4411b62bb366,txn-00153,761.18,USD,2025-02-02T22:00:00Z,FALSE_POSITIVE,RETAIL,device-011,ip-hash-15,GH,MOBILE,CHARGEBACK,
550e8400-e29b-41d4-a716-446655440000,35fcf2ba-996e-4d28-810b-def28871df3a,txn-00154,85.41,USD,2025-02-02T22:15:00Z,FALSE_POSITIVE,GAMBLING,device-009,ip-hash-43,US,MOBILE,SYSTEM,
550e8400-e29b-41d4-a716-446655440000,ed613ee6-3273-4968-b47d-c6826b92af82,txn-00155,1313.81,USD,2025-02-02T22:30:00Z,CONFIRMED_FRAUD,CRYPTO,device-012,ip-hash-47,US,MOBILE,ANALYST,
550e8400-e29b-41d4-a716-446655440000,672764d9-f906-418d-8355-4411b62bb366,txn-00156,193.84,GHS,2025-02-02T22:45:00Z,FALSE_POSITIVE,RETAIL,device-ring-2,ip-hash-15,GH,WEB,ANALYST,
550e8400-e29b-41d4-a716-446655440000,8ef0b6c7-a300-4d6c-8ba7-2af34390ed9a,txn-00157,297.43,GHS,2025-02-02T23:00:00Z,FALSE_POSITIVE,CRYPTO,device-028,ip-hash-30,US,WEB,SYSTEM,
550e8400-e29b-41d4-a716-446655440000,8f65bd74-bc20-4675-a4cd-90f08ef7e140,txn-00158,133.84,GHS,2025-02-02T23:15:00Z,FALSE_POSITIVE,RETAIL,device-016,ip-hash-4,US,WEB,SYSTEM,
550e8400-e29b-41d4-a716-446655440000,4bc27d8e-f470-4046-8e38-9697c3da1c15,txn-00159,4306.52,GHS,2025-02-02T23:30:00Z,CONFIRMED_FRAUD,RETAIL,device-029,ip-hash-6,GH,WEB,ANALYST,
550e8400-e29b-41d4-a716-446655440000,8ef0b6c7-a300-4d6c-8ba7-2af34390ed9a,txn-00160,665.68,USD,2025-02-02T23:45:00Z,FALSE_POSITIVE,RETAIL,device-028,ip-hash-29,US,MOBILE,ANALYST,
550e8400-e29b-41d4-a716-446655440000,9f82f1a6-0744-42d9-998e-f835517a03b5,txn-00161,302.3,USD,2025-02-03T00:00:00Z,FALSE_POSITIVE,RETAIL,device-ring-1,ip-hash-2,US,MOBILE,SYSTEM,
550e8400-e29b-41d4-a716-446655440000,f9298b91-a55e-43e8-88f5-3313ff3dc09e,txn-00162,121.11,GHS,2025-02-03T00:15:00Z,FALSE_POSITIVE,RETAIL,device-020,ip-hash-45,GH,WEB,ANALYST,
550e8400-e29b-41d4-a716-446655440000,8f679098-4ffb-449c-b0f4-4201be3a7917,txn-00163,856.52,USD,2025-02-03T00:30:00Z,CONFIRMED_FRAUD,GAMBLING,device-019,ip-hash-36,US,MOBILE,ANALYST,
550e8400-e29b-41d4-a716-446655440000,23b30481-729a-4437-aebf-5d1d3f93a401,txn-00164,42.96,GHS,2025-02-03T00:45:00Z,FALSE_POSITIVE,RETAIL,device-007,ip-hash-5,GH,WEB,SYSTEM,
550e8400-e29b-41d4-a716-446655440000,6e493456-d626-4f6d-a7de-a740c24925c5,txn-00165,2819.19,GHS,2025-02-03T01:00:00Z,CONFIRMED_FRAUD,GAMBLING,device-ring-3,ip-hash-1,US,MOBILE,SYSTEM,
550e8400-e29b-41d4-a716-446655440000,f1021207-3ee3-4991-a9a5-b445314c8cf8,txn-00166,3506.97,USD,2025-02-03T01:15:00Z,CONFIRMED_FRAUD,CRYPTO,device-ring-3,ip-hash-25,US,MOBILE,SYSTEM,
550e8400-e29b-41d4-a716-446655440000,ed613ee6-3273-4968-b47d-c6826b92af82,txn-00167,206.65,GHS,2025-02-03T01:30:00Z,CONFIRMED_LEGIT,RETAIL,device-012,ip-hash-16,GH,WEB,CHARGEBACK,
550e8400-e29b-41d4-a716-446655440000,9f82f1a6-0744-42d9-998e-f835517a03b5,txn-00168,274.15,GHS,2025-02-03T01:45:00Z,FALSE_POSITIVE,RETAIL,device-001,ip-hash-45,US,MOBILE,CHARGEBACK,
550e8400-e29b-41d4-a716-446655440000,ce648f5d-46be-444d-864b-1f53fb863fe7,txn-00169,755.17,USD,2025-02-03T02:00:00Z,FALSE_POSITIVE,RETAIL,device-ring-1,ip-hash-3,US,WEB,SYSTEM,
550e8400-e29b-41d4-a716-446655440000,ed613ee6-3273-4968-b47d-c6826b92af82,txn-00170,436.71,USD,2025-02-03T02:15:00Z,CONFIRMED_LEGIT,RETAIL,device-012,ip-hash-19,US,MOBILE,SYSTEM,
550e8400-e29b-41d4-a716-446655440000,53b8e0f1-36d4-45ed-893f-544d81b563c8,txn-00171,640.48,GHS,2025-02-03T02:30:00Z,FALSE_POSITIVE,RETAIL,device-ring-2,ip-hash-25,US,MOBILE,ANALYST,
550e8400-e29b-41d4-a716-446655440000,a33b91e6-00ad-4603-9e76-8b6cab0821f8,txn-00172,739.83,USD,2025-02-03T02:45:00Z,FALSE_POSITIVE,RETAIL,device-022,ip-hash-47,US,MOBILE,ANALYST,
550e8400-e29b-41d4-a716-446655440000,8f679098-4ffb-449c-b0f4-4201be3a7917,txn-00173,148.46,USD,2025-02-03T03:00:00Z,CONFIRMED_LEGIT,RETAIL,device-019,ip-hash-6,US,WEB,ANALYST,
550e8400-e29b-41d4-a716-446655440000,902657c4-3bca-452c-8262-226b94e10e9e,txn-00174,343.76,USD,2025-02-03T03:15:00Z,FALSE_POSITIVE,RETAIL,device-ring-3,ip-hash-47,US,WEB,ANALYST,
550e8400-e29b-41d4-a716-446655440000,f9298b91-a55e-43e8-88f5-3313ff3dc09e,txn-00175,758.58,GHS,2025-02-03T03:30:00Z,CONFIRMED_LEGIT,RETAIL,device-020,ip-hash-24,GH,MOBILE,CHARGEBACK,
550e8400-e29b-41d4-a716-446655440000,94563568-b3bd-4d66-8f06-de0b49bffece,txn-00176,626.14,USD,2025-02-03T03:45:00Z,FALSE_POSITIVE,RETAIL,device-027,ip-hash-16,US,WEB,ANALYST,
550e8400-e29b-41d4-a716-446655440000,c421d45d-6669-4ea1-bb49-f722c87a338b,txn-00177,1190.47,GHS,2025-02-03T04:00:00Z,CONFIRMED_FRAUD,CRYPTO,device-018,ip-hash-24,US,MOBILE,SYSTEM,
550e8400-e29b-41d4-a716-446655440000,3627a528-417e-442d-83a1-6b12ce78d7d6,txn-00178,321.44,USD,2025-02-03T04:15:00Z,FALSE_POSITIVE,RETAIL,device-ring-1,ip-hash-2,GH,WEB,SYSTEM,
550e8400-e29b-41d4-a716-446655440000,ed613ee6-3273-4968-b47d-c6826b92af82,txn-00179,98.62,USD,2025-02-03T04:30:00Z,CONFIRMED_LEGIT,GAMBLING,device-012,ip-hash-40,US,WEB,CHARGEBACK,
550e8400-e29b-41d4-a716-446655440000,bbbe5d39-7538-42df-a2fa-7f8c90d764ac,txn-00180,833.23,USD,2025-02-03T04:45:00Z,CONFIRMED_FRAUD,GAMBLING,device-003,ip-hash-44,US,WEB,SYSTEM,
550e8400-e29b-41d4-a716-446655440000,ce648f5d-46be-444d-864b-1f53fb863fe7,txn-00181,235.84,USD,2025-02-03T05:00:00Z,FALSE_POSITIVE,RETAIL,device-ring-1,ip-hash-24,GH,MOBILE,CHARGEBACK,
550e8400-e29b-41d4-a716-446655440000,15ef858e-69ab-4933-8b5a-3197feda26bc,txn-00182,4056.68,GHS,2025-02-03T05:15:00Z,CONFIRMED_FRAUD,GAMBLING,device-025,ip-hash-30,GH,MOBILE,CHARGEBACK,
550e8400-e29b-41d4-a716-446655440000,35fcf2ba-996e-4d28-810b-def28871df3a,txn-00183,574.96,GHS,2025-02-03T05:30:00Z,FALSE_POSITIVE,RETAIL,device-ring-2,ip-hash-37,GH,MOBILE,ANALYST,
550e8400-e29b-41d4-a716-446655440000,f9298b91-a55e-43e8-88f5-3313ff3dc09e,txn-00184,2596.25,USD,2025-02-03T05:45:00Z,CONFIRMED_FRAUD,CRYPTO,device-020,ip-hash-50,GH,MOBILE,ANALYST,
550e8400-e29b-41d4-a716-446655440000,8f65bd74-bc20-4675-a4cd-90f08ef7e140,txn-00185,49.05,USD,2025-02-03T06:00:00Z,CONFIRMED_LEGIT,RETAIL,device-ring-3,ip-hash-11,US,MOBILE,ANALYST,
550e8400-e29b-41d4-a716-446655440000,8f65bd74-bc20-4675-a4cd-90f08ef7e140,txn-00186,677.52,GHS,2025-02-03T06:15:00Z,FALSE_POSITIVE,RETAIL,device-016,ip-hash-9,US,MOBILE,SYSTEM,
550e8400-e29b-41d4-a716-446655440000,f9298b91-a55e-43e8-88f5-3313ff3dc09e,txn-00187,4737.23,GHS,2025-02-03T06:30:00Z,CONFIRMED_FRAUD,GAMBLING,device-020,ip-hash-37,GH,MOBILE,CHARGEBACK,
550e8400-e29b-41d4-a716-446655440000,9f82f1a6-0744-42d9-998e-f835517a03b5,txn-00188,617.96,GHS,2025-02-03T06:45:00Z,CONFIRMED_LEGIT,RETAIL,device-ring-1,ip-hash-40,GH,WEB,SYSTEM,
550e8400-e29b-41d4-a716-446655440000,6e493456-d626-4f6d-a7de-a740c24925c5,txn-00189,765.54,GHS,2025-02-03T07:00:00Z,FALSE_POSITIVE,RETAIL,device-017,ip-hash-20,US,MOBILE,SYSTEM,
550e8400-e29b-41d4-a716-446655440000,9f82f1a6-0744-42d9-998e-f835517a03b5,txn-00190,2370.3,USD,2025-02-03T07:15:00Z,CONFIRMED_FRAUD,CRYPTO,device-ring-1,ip-hash-21,US,WEB,ANALYST,
550e8400-e29b-41d4-a716-446655440000,3627a528-417e-442d-83a1-6b12ce78d7d6,txn-00191,414.41,USD,2025-02-03T07:30:00Z,FALSE_POSITIVE,RETAIL,device-ring-1,ip-hash-18,US,MOBILE,CHARGEBACK,
550e8400-e29b-41d4-a716-446655440000,bbbe5d39-7538-42df-a2fa-7f8c90d764ac,txn-00192,4754.23,USD,2025-02-03T07:45:00Z,CONFIRMED_FRAUD,RETAIL,device-ring-1,ip-hash-21,US,MOBILE,CHARGEBACK,
550e8400-e29b-41d4-a716-446655440000,51fd83e6-0dcd-4148-b8ca-e89e6228fcb9,txn-00193,376.12,USD,2025-02-03T08:00:00Z,CONFIRMED_LEGIT,CRYPTO,device-ring-3,ip-hash-26,US,MOBILE,CHARGEBACK,
550e8400-e29b-41d4-a716-446655440000,c421d45d-6669-4ea1-bb49-f722c87a338b,txn-00194,45.18,GHS,2025-02-03T08:15:00Z,FALSE_POSITIVE,RETAIL,device-018,ip-hash-19,GH,MOBILE,ANALYST,
550e8400-e29b-41d4-a716-446655440000,3627a528-417e-442d-83a1-6b12ce78d7d6,txn-00195,583.37,GHS,2025-02-03T08:30:00Z,FALSE_POSITIVE,GAMBLING,device-ring-1,ip-hash-4,GH,WEB,SYSTEM,
550e8400-e29b-41d4-a716-446655440000,35fcf2ba-996e-4d28-810b-def28871df3a,txn-00196,2769.15,USD,2025-02-03T08:45:00Z,CONFIRMED_FRAUD,CRYPTO,device-ring-2,ip-hash-9,GH,WEB,ANALYST,
550e8400-e29b-41d4-a716-446655440000,15ef858e-69ab-4933-8b5a-3197feda26bc,txn-00197,448.48,USD,2025-02-03T09:00:00Z,CONFIRMED_LEGIT,RETAIL,device-025,ip-hash-13,US,MOBILE,CHARGEBACK,
550e8400-e29b-41d4-a716-446655440000,9f82f1a6-0744-42d9-998e-f835517a03b5,txn-00198,1998.68,USD,2025-02-03T09:15:00Z,CONFIRMED_FRAUD,CRYPTO,device-ring-1,ip-hash-21,US,MOBILE,ANALYST,
550e8400-e29b-41d4-a716-446655440000,8f679098-4ffb-449c-b0f4-4201be3a7917,txn-00199,242.89,GHS,2025-02-03T09:30:00Z,FALSE_POSITIVE,RETAIL,device-019,ip-hash-46,US,WEB,CHARGEBACK,
550e8400-e29b-41d4-a716-446655440000,672764d9-f906-418d-8355-4411b62bb366,txn-00200,92.14,USD,2025-02-03T09:45:00Z,FALSE_POSITIVE,RETAIL,device-ring-2,ip-hash-39,US,WEB,SYSTEM,
550e8400-e29b-41d4-a716-446655440000,15ef858e-69ab-4933-8b5a-3197feda26bc,txn-00201,464.89,USD,2025-02-03T10:00:00Z,CONFIRMED_LEGIT,RETAIL,device-025,ip-hash-38,US,MOBILE,SYSTEM,
550e8400-e29b-41d4-a716-446655440000,f9298b91-a55e-43e8-88f5-3313ff3dc09e,txn-00202,620.81,USD,2025-02-03T10:15:00Z,FALSE_POSITIVE,RETAIL,device-020,ip-hash-3,GH,MOBILE,CHARGEBACK,
550e8400-e29b-41d4-a716-446655440000,902657c4-3bca-452c-8262-226b94e10e9e,txn-00203,125.39,GHS,2025-02-03T10:30:00Z,FALSE_POSITIVE,RETAIL,device-ring-3,ip-hash-48,GH,MOBILE,SYSTEM,
550e8400-e29b-41d4-a716-446655440000,2f54dd7c-efcb-4c4e-ae1a-10a699c012e0,txn-00204,798.51,USD,2025-02-03T10:45:00Z,FALSE_POSITIVE,RETAIL,device-ring-2,ip-hash-30,US,WEB,SYSTEM,
550e8400-e29b-41d4-a716-446655440000,b54bb828-5a85-4631-aa87-2afcca3ed571,txn-00205,546.19,GHS,2025-02-03T11:00:00Z,FALSE_POSITIVE,GAMBLING,device-024,ip-hash-40,US,MOBILE,CHARGEBACK,
550e8400-e29b-41d4-a716-446655440000,756ca5e1-dfef-4fc4-bb44-f5c3ba321b45,txn-00206,183.77,GHS,2025-02-03T11:15:00Z,FALSE_POSITIVE,CRYPTO,device-ring-2,ip-hash-46,GH,WEB,ANALYST,
550e8400-e29b-41d4-a716-446655440000,51fd83e6-0dcd-4148-b8ca-e89e6228fcb9,txn-00207,747.29,USD,2025-02-03T11:30:00Z,FALSE_POSITIVE,GAMBLING,device-ring-3,ip-hash-37,US,WEB,ANALYST,
550e8400-e29b-41d4-a716-446655440000,b54bb828-5a85-4631-aa87-2afcca3ed571,txn-00208,235.91,USD,2025-02-03T11:45:00Z,FALSE_POSITIVE,RETAIL,device-024,ip-hash-23,US,WEB,SYSTEM,
550e8400-e29b-41d4-a716-446655440000,51fd83e6-0dcd-4148-b8ca-e89e6228fcb9,txn-00209,4225.78,GHS,2025-02-03T12:00:00Z,CONFIRMED_FRAUD,GAMBLING,device-ring-3,ip-hash-9,GH,MOBILE,CHARGEBACK,
550e8400-e29b-41d4-a716-446655440000,9f82f1a6-0744-42d9-998e-f835517a03b5,txn-00210,427.18,GHS,2025-02-03T12:15:00Z,FALSE_POSITIVE,RETAIL,device-ring-1,ip-hash-22,US,MOBILE,SYSTEM,
550e8400-e29b-41d4-a716-446655440000,b54bb828-5a85-4631-aa87-2afcca3ed571,txn-00211,4840.33,USD,2025-02-03T12:30:00Z,CONFIRMED_FRAUD,RETAIL,device-024,ip-hash-27,US,WEB,SYSTEM,
550e8400-e29b-41d4-a716-446655440000,2f54dd7c-efcb-4c4e-ae1a-10a699c012e0,txn-00212,233.36,USD,2025-02-03T12:45:00Z,FALSE_POSITIVE,RETAIL,device-ring-2,ip-hash-42,GH,MOBILE,CHARGEBACK,
550e8400-e29b-41d4-a716-446655440000,f1021207-3ee3-4991-a9a5-b445314c8cf8,txn-00213,144.75,GHS,2025-02-03T13:00:00Z,FALSE_POSITIVE,CRYPTO,device-013,ip-hash-32,GH,WEB,CHARGEBACK,
550e8400-e29b-41d4-a716-446655440000,2a0b3109-3786-4553-9828-c8fdab778163,txn-00214,484.21,GHS,2025-02-03T13:15:00Z,FALSE_POSITIVE,CRYPTO,device-ring-1,ip-hash-42,US,MOBILE,SYSTEM,
550e8400-e29b-41d4-a716-446655440000,902657c4-3bca-452c-8262-226b94e10e9e,txn-00215,648.01,GHS,2025-02-03T13:30:00Z,FALSE_POSITIVE,RETAIL,device-014,ip-hash-46,GH,MOBILE,SYSTEM,
550e8400-e29b-41d4-a716-446655440000,53b8e0f1-36d4-45ed-893f-544d81b563c8,txn-00216,456.39,GHS,2025-02-03T13:45:00Z,FALSE_POSITIVE,GAMBLING,device-ring-2,ip-hash-28,US,MOBILE,ANALYST,
550e8400-e29b-41d4-a716-446655440000,f90397b5-4e55-4b66-ab13-b3b4a34e6e59,txn-00217,4917.58,USD,2025-02-03T14:00:00Z,CONFIRMED_FRAUD,CRYPTO,device-021,ip-hash-1,US,WEB,CHARGEBACK,
550e8400-e29b-41d4-a716-446655440000,902657c4-3bca-452c-8262-226b94e10e9e,txn-00218,763.46,USD,2025-02-03T14:15:00Z,FALSE_POSITIVE,RETAIL,device-014,ip-hash-17,US,MOBILE,CHARGEBACK,
550e8400-e29b-41d4-a716-446655440000,f90397b5-4e55-4b66-ab13-b3b4a34e6e59,txn-00219,1880.63,GHS,2025-02-03T14:30:00Z,CONFIRMED_FRAUD,CRYPTO,device-021,ip-hash-45,GH,WEB,ANALYST,
550e8400-e29b-41d4-a716-446655440000,8f679098-4ffb-449c-b0f4-4201be3a7917,txn-00220,766.1,GHS,2025-02-03T14:45:00Z,FALSE_POSITIVE,RETAIL,device-019,ip-hash-48,US,WEB,SYSTEM,
550e8400-e29b-41d4-a716-446655440000,6e493456-d626-4f6d-a7de-a740c24925c5,txn-00221,607.09,USD,2025-02-03T15:00:00Z,CONFIRMED_LEGIT,GAMBLING,device-017,ip-hash-44,GH,WEB,SYSTEM,
550e8400-e29b-41d4-a716-446655440000,a33b91e6-00ad-4603-9e76-8b6cab0821f8,txn-00222,734.21,USD,2025-02-03T15:15:00Z,FALSE_POSITIVE,RETAIL,device-022,ip-hash-37,GH,MOBILE,ANALYST,
550e8400-e29b-41d4-a716-446655440000,94563568-b3bd-4d66-8f06-de0b49bffece,txn-00223,97.41,GHS,2025-02-03T15:30:00Z,FALSE_POSITIVE,RETAIL,device-027,ip-hash-6,US,MOBILE,ANALYST,
550e8400-e29b-41d4-a716-446655440000,3627a528-417e-442d-83a1-6b12ce78d7d6,txn-00224,368.15,GHS,2025-02-03T15:45:00Z,FALSE_POSITIVE,RETAIL,device-ring-1,ip-hash-47,GH,WEB,ANALYST,
550e8400-e29b-41d4-a716-446655440000,b11eb531-0bb9-440f-8d8c-e82da713b8f4,txn-00225,1480.56,GHS,2025-02-03T16:00:00Z,CONFIRMED_FRAUD,GAMBLING,device-026,ip-hash-23,GH,MOBILE,CHARGEBACK,
550e8400-e29b-41d4-a716-446655440000,4bc27d8e-f470-4046-8e38-9697c3da1c15,txn-00226,233.24,USD,2025-02-03T16:15:00Z,FALSE_POSITIVE,RETAIL,device-029,ip-hash-50,US,WEB,ANALYST,
550e8400-e29b-41d4-a716-446655440000,902657c4-3bca-452c-8262-226b94e10e9e,txn-00227,725.88,USD,2025-02-03T16:30:00Z,FALSE_POSITIVE,RETAIL,device-014,ip-hash-42,US,MOBILE,CHARGEBACK,
550e8400-e29b-41d4-a716-446655440000,6e493456-d626-4f6d-a7de-a740c24925c5,txn-00228,106.24,USD,2025-02-03T16:45:00Z,FALSE_POSITIVE,CRYPTO,device-017,ip-hash-20,US,WEB,SYSTEM,
550e8400-e29b-41d4-a716-446655440000,ed613ee6-3273-4968-b47d-c6826b92af82,txn-00229,201.77,USD,2025-02-03T17:00:00Z,FALSE_POSITIVE,RETAIL,device-ring-3,ip-hash-3,US,MOBILE,CHARGEBACK,
550e8400-e29b-41d4-a716-446655440000,2f54dd7c-efcb-4c4e-ae1a-10a699c012e0,txn-00230,3172.75,USD,2025-02-03T17:15:00Z,CONFIRMED_FRAUD,CRYPTO,device-006,ip-hash-16,GH,WEB,ANALYST,
550e8400-e29b-41d4-a716-446655440000,23b30481-729a-4437-aebf-5d1d3f93a401,txn-00231,604.74,GHS,2025-02-03T17:30:00Z,FALSE_POSITIVE,GAMBLING,device-ring-2,ip-hash-15,US,WEB,CHARGEBACK,
550e8400-e29b-41d4-a716-446655440000,35fcf2ba-996e-4d28-810b-def28871df3a,txn-00232,788.63,GHS,2025-02-03T17:45:00Z,FALSE_POSITIVE,RETAIL,device-ring-2,ip-hash-4,GH,WEB,SYSTEM,
550e8400-e29b-41d4-a716-446655440000,51fd83e6-0dcd-4148-b8ca-e89e6228fcb9,txn-00233,2049.87,GHS,2025-02-03T18:00:00Z,CONFIRMED_FRAUD,CRYPTO,device-ring-3,ip-hash-45,US,WEB,CHARGEBACK,
550e8400-e29b-41d4-a716-446655440000,35fcf2ba-996e-4d28-810b-def28871df3a,txn-00234,604.76,GHS,2025-02-03T18:15:00Z,FALSE_POSITIVE,RETAIL,device-009,ip-hash-46,GH,WEB,CHARGEBACK,
550e8400-e29b-41d4-a716-446655440000,6e493456-d626-4f6d-a7de-a740c24925c5,txn-00235,336.12,GHS,2025-02-03T18:30:00Z,FALSE_POSITIVE,RETAIL,device-ring-3,ip-hash-14,US,MOBILE,ANALYST,
550e8400-e29b-41d4-a716-446655440000,94563568-b3bd-4d66-8f06-de0b49bffece,txn-00236,430.83,USD,2025-02-03T18:45:00Z,FALSE_POSITIVE,GAMBLING,device-027,ip-hash-18,US,MOBILE,CHARGEBACK,
550e8400-e29b-41d4-a716-446655440000,2f54dd7c-efcb-4c4e-ae1a-10a699c012e0,txn-00237,472.13,USD,2025-02-03T19:00:00Z,FALSE_POSITIVE,RETAIL,device-ring-2,ip-hash-22,US,MOBILE,CHARGEBACK,
550e8400-e29b-41d4-a716-446655440000,4bc27d8e-f470-4046-8e38-9697c3da1c15,txn-00238,3836.64,GHS,2025-02-03T19:15:00Z,CONFIRMED_FRAUD,CRYPTO,device-029,ip-hash-16,GH,WEB,CHARGEBACK,
550e8400-e29b-41d4-a716-446655440000,6e493456-d626-4f6d-a7de-a740c24925c5,txn-00239,230.03,GHS,2025-02-03T19:30:00Z,FALSE_POSITIVE,RETAIL,device-017,ip-hash-17,US,WEB,ANALYST,
550e8400-e29b-41d4-a716-446655440000,bbbe5d39-7538-42df-a2fa-7f8c90d764ac,txn-00240,579.32,USD,2025-02-03T19:45:00Z,FALSE_POSITIVE,GAMBLING,device-ring-1,ip-hash-24,US,WEB,CHARGEBACK,
550e8400-e29b-41d4-a716-446655440000,c421d45d-6669-4ea1-bb49-f722c87a338b,txn-00241,594.3,GHS,2025-02-03T20:00:00Z,FALSE_POSITIVE,RETAIL,device-018,ip-hash-19,GH,MOBILE,ANALYST,
550e8400-e29b-41d4-a716-446655440000,23b30481-729a-4437-aebf-5d1d3f93a401,txn-00242,667.52,GHS,2025-02-03T20:15:00Z,FALSE_POSITIVE,RETAIL,device-007,ip-hash-17,US,WEB,ANALYST,
550e8400-e29b-41d4-a716-446655440000,2066ffb4-4a04-4f47-9d1b-26fd98b1c654,txn-00243,284.98,USD,2025-02-03T20:30:00Z,FALSE_POSITIVE,RETAIL,device-ring-1,ip-hash-35,GH,MOBILE,CHARGEBACK,
550e8400-e29b-41d4-a716-446655440000,b11eb531-0bb9-440f-8d8c-e82da713b8f4,txn-00244,612.65,USD,2025-02-03T20:45:00Z,FALSE_POSITIVE,RETAIL,device-026,ip-hash-5,GH,MOBILE,CHARGEBACK,
550e8400-e29b-41d4-a716-446655440000,8f65bd74-bc20-4675-a4cd-90f08ef7e140,txn-00245,53.06,GHS,2025-02-03T21:00:00Z,FALSE_POSITIVE,RETAIL,device-016,ip-hash-43,US,MOBILE,CHARGEBACK,
550e8400-e29b-41d4-a716-446655440000,6e493456-d626-4f6d-a7de-a740c24925c5,txn-00246,14.42,GHS,2025-02-03T21:15:00Z,FALSE_POSITIVE,RETAIL,device-ring-3,ip-hash-2,US,MOBILE,CHARGEBACK,
550e8400-e29b-41d4-a716-446655440000,4bc27d8e-f470-4046-8e38-9697c3da1c15,txn-00247,1170.04,GHS,2025-02-03T21:30:00Z,CONFIRMED_FRAUD,GAMBLING,device-029,ip-hash-23,US,WEB,CHARGEBACK,
550e8400-e29b-41d4-a716-446655440000,672764d9-f906-418d-8355-4411b62bb366,txn-00248,369.9,GHS,2025-02-03T21:45:00Z,CONFIRMED_LEGIT,RETAIL,device-011,ip-hash-44,GH,MOBILE,CHARGEBACK,
550e8400-e29b-41d4-a716-446655440000,ed613ee6-3273-4968-b47d-c6826b92af82,txn-00249,444.4,USD,2025-02-03T22:00:00Z,FALSE_POSITIVE,RETAIL,device-ring-3,ip-hash-6,US,WEB,SYSTEM,
550e8400-e29b-41d4-a716-446655440000,15ef858e-69ab-4933-8b5a-3197feda26bc,txn-00250,781.98,USD,2025-02-03T22:15:00Z,FALSE_POSITIVE,CRYPTO,device-025,ip-hash-15,GH,WEB,ANALYST,
550e8400-e29b-41d4-a716-446655440000,9f82f1a6-0744-42d9-998e-f835517a03b5,txn-00251,549.12,USD,2025-02-03T22:30:00Z,CONFIRMED_LEGIT,RETAIL,device-ring-1,ip-hash-12,US,MOBILE,CHARGEBACK,
550e8400-e29b-41d4-a716-446655440000,c421d45d-6669-4ea1-bb49-f722c87a338b,txn-00252,4193.11,USD,2025-02-03T22:45:00Z,CONFIRMED_FRAUD,RETAIL,device-018,ip-hash-20,GH,MOBILE,SYSTEM,
550e8400-e29b-41d4-a716-446655440000,b11eb531-0bb9-440f-8d8c-e82da713b8f4,txn-00253,543.24,GHS,2025-02-03T23:00:00Z,FALSE_POSITIVE,RETAIL,device-026,ip-hash-49,GH,MOBILE,SYSTEM,
550e8400-e29b-41d4-a716-446655440000,b2b850fb-f6cb-4460-ae12-4fe684f63e95,txn-00254,47.69,USD,2025-02-03T23:15:00Z,CONFIRMED_LEGIT,RETAIL,device-023,ip-hash-22,US,WEB,CHARGEBACK,
550e8400-e29b-41d4-a716-446655440000,f9298b91-a55e-43e8-88f5-3313ff3dc09e,txn-00255,794.11,GHS,2025-02-03T23:30:00Z,FALSE_POSITIVE,RETAIL,device-020,ip-hash-36,US,WEB,CHARGEBACK,
550e8400-e29b-41d4-a716-446655440000,f90397b5-4e55-4b66-ab13-b3b4a34e6e59,txn-00256,307.16,GHS,2025-02-03T23:45:00Z,FALSE_POSITIVE,GAMBLING,device-021,ip-hash-16,GH,MOBILE,ANALYST,
550e8400-e29b-41d4-a716-446655440000,3627a528-417e-442d-83a1-6b12ce78d7d6,txn-00257,628.19,GHS,2025-02-04T00:00:00Z,FALSE_POSITIVE,RETAIL,device-ring-1,ip-hash-7,GH,MOBILE,ANALYST,
550e8400-e29b-41d4-a716-446655440000,902657c4-3bca-452c-8262-226b94e10e9e,txn-00258,219.46,GHS,2025-02-04T00:15:00Z,FALSE_POSITIVE,RETAIL,device-ring-3,ip-hash-36,US,MOBILE,CHARGEBACK,
550e8400-e29b-41d4-a716-446655440000,ce648f5d-46be-444d-864b-1f53fb863fe7,txn-00259,78.99,GHS,2025-02-04T00:30:00Z,FALSE_POSITIVE,RETAIL,device-ring-1,ip-hash-1,US,WEB,ANALYST,
550e8400-e29b-41d4-a716-446655440000,b54bb828-5a85-4631-aa87-2afcca3ed571,txn-00260,4555.11,USD,2025-02-04T00:45:00Z,CONFIRMED_FRAUD,RETAIL,device-024,ip-hash-37,GH,WEB,CHARGEBACK,
550e8400-e29b-41d4-a716-446655440000,3627a528-417e-442d-83a1-6b12ce78d7d6,txn-00261,218.38,GHS,2025-02-04T01:00:00Z,FALSE_POSITIVE,RETAIL,device-ring-1,ip-hash-27,US,WEB,CHARGEBACK,
550e8400-e29b-41d4-a716-446655440000,672764d9-f906-418d-8355-4411b62bb366,txn-00262,201.04,USD,2025-02-04T01:15:00Z,FALSE_POSITIVE,RETAIL,device-ring-2,ip-hash-30,GH,MOBILE,ANALYST,
550e8400-e29b-41d4-a716-446655440000,2a0b3109-3786-4553-9828-c8fdab778163,txn-00263,269.11,GHS,2025-02-04T01:30:00Z,CONFIRMED_LEGIT,RETAIL,device-000,ip-hash-29,US,WEB,SYSTEM,
550e8400-e29b-41d4-a716-446655440000,8f679098-4ffb-449c-b0f4-4201be3a7917,txn-00264,1942.99,USD,2025-02-04T01:45:00Z,CONFIRMED_FRAUD,RETAIL,device-019,ip-hash-31,US,MOBILE,ANALYST,
550e8400-e29b-41d4-a716-446655440000,53b8e0f1-36d4-45ed-893f-544d81b563c8,txn-00265,557.49,USD,2025-02-04T02:00:00Z,FALSE_POSITIVE,RETAIL,device-ring-2,ip-hash-21,US,WEB,ANALYST,
550e8400-e29b-41d4-a716-446655440000,672764d9-f906-418d-8355-4411b62bb366,txn-00266,3037.33,USD,2025-02-04T02:15:00Z,CONFIRMED_FRAUD,CRYPTO,device-ring-2,ip-hash-47,US,MOBILE,ANALYST,
550e8400-e29b-41d4-a716-446655440000,15ef858e-69ab-4933-8b5a-3197feda26bc,txn-00267,555.8,GHS,2025-02-04T02:30:00Z,FALSE_POSITIVE,GAMBLING,device-025,ip-hash-44,US,MOBILE,SYSTEM,
550e8400-e29b-41d4-a716-446655440000,35fcf2ba-996e-4d28-810b-def28871df3a,txn-00268,528.64,USD,2025-02-04T02:45:00Z,FALSE_POSITIVE,GAMBLING,device-009,ip-hash-29,US,WEB,SYSTEM,
550e8400-e29b-41d4-a716-446655440000,8f65bd74-bc20-4675-a4cd-90f08ef7e140,txn-00269,696.36,GHS,2025-02-04T03:00:00Z,CONFIRMED_LEGIT,RETAIL,device-ring-3,ip-hash-45,GH,MOBILE,CHARGEBACK,
550e8400-e29b-41d4-a716-446655440000,f90397b5-4e55-4b66-ab13-b3b4a34e6e59,txn-00270,137.24,GHS,2025-02-04T03:15:00Z,FALSE_POSITIVE,RETAIL,device-021,ip-hash-49,US,WEB,CHARGEBACK,
550e8400-e29b-41d4-a716-446655440000,2a0b3109-3786-4553-9828-c8fdab778163,txn-00271,1499.0,USD,2025-02-04T03:30:00Z,CONFIRMED_FRAUD,CRYPTO,device-ring-1,ip-hash-29,US,WEB,ANALYST,
550e8400-e29b-41d4-a716-446655440000,b54bb828-5a85-4631-aa87-2afcca3ed571,txn-00272,553.9,USD,2025-02-04T03:45:00Z,FALSE_POSITIVE,RETAIL,device-024,ip-hash-31,GH,WEB,ANALYST,
550e8400-e29b-41d4-a716-446655440000,4bc27d8e-f470-4046-8e38-9697c3da1c15,txn-00273,97.28,USD,2025-02-04T04:00:00Z,CONFIRMED_LEGIT,CRYPTO,device-029,ip-hash-23,US,WEB,ANALYST,
550e8400-e29b-41d4-a716-446655440000,15ef858e-69ab-4933-8b5a-3197feda26bc,txn-00274,2673.17,GHS,2025-02-04T04:15:00Z,CONFIRMED_FRAUD,CRYPTO,device-025,ip-hash-47,US,WEB,CHARGEBACK,
550e8400-e29b-41d4-a716-446655440000,35fcf2ba-996e-4d28-810b-def28871df3a,txn-00275,3698.51,USD,2025-02-04T04:30:00Z,CONFIRMED_FRAUD,GAMBLING,device-ring-2,ip-hash-44,GH,MOBILE,SYSTEM,
550e8400-e29b-41d4-a716-446655440000,2066ffb4-4a04-4f47-9d1b-26fd98b1c654,txn-00276,268.14,GHS,2025-02-04T04:45:00Z,FALSE_POSITIVE,RETAIL,device-ring-1,ip-hash-41,GH,MOBILE,SYSTEM,
550e8400-e29b-41d4-a716-446655440000,f90397b5-4e55-4b66-ab13-b3b4a34e6e59,txn-00277,28.21,USD,2025-02-04T05:00:00Z,FALSE_POSITIVE,RETAIL,device-021,ip-hash-29,US,WEB,CHARGEBACK,
550e8400-e29b-41d4-a716-446655440000,a33b91e6-00ad-4603-9e76-8b6cab0821f8,txn-00278,1752.55,USD,2025-02-04T05:15:00Z,CONFIRMED_FRAUD,CRYPTO,device-022,ip-hash-37,GH,MOBILE,ANALYST,
550e8400-e29b-41d4-a716-446655440000,53b8e0f1-36d4-45ed-893f-544d81b563c8,txn-00279,1012.8,GHS,2025-02-04T05:30:00Z,CONFIRMED_FRAUD,CRYPTO,device-ring-2,ip-hash-39,US,WEB,SYSTEM,
550e8400-e29b-41d4-a716-446655440000,bbbe5d39-7538-42df-a2fa-7f8c90d764ac,txn-00280,677.19,GHS,2025-02-04T05:45:00Z,FALSE_POSITIVE,RETAIL,device-003,ip-hash-40,GH,MOBILE,ANALYST,
550e8400-e29b-41d4-a716-446655440000,bbbe5d39-7538-42df-a2fa-7f8c90d764ac,txn-00281,97.97,GHS,2025-02-04T06:00:00Z,FALSE_POSITIVE,RETAIL,device-ring-1,ip-hash-27,GH,WEB,ANALYST,
550e8400-e29b-41d4-a716-446655440000,2066ffb4-4a04-4f47-9d1b-26fd98b1c654,txn-00282,432.22,USD,2025-02-04T06:15:00Z,FALSE_POSITIVE,CRYPTO,device-005,ip-hash-36,GH,WEB,ANALYST,
550e8400-e29b-41d4-a716-446655440000,3627a528-417e-442d-83a1-6b12ce78d7d6,txn-00283,4288.93,USD,2025-02-04T06:30:00Z,CONFIRMED_FRAUD,CRYPTO,device-004,ip-hash-32,GH,MOBILE,ANALYST,
550e8400-e29b-41d4-a716-446655440000,6e493456-d626-4f6d-a7de-a740c24925c5,txn-00284,398.5,GHS,2025-02-04T06:45:00Z,FALSE_POSITIVE,RETAIL,device-ring-3,ip-hash-32,GH,MOBILE,SYSTEM,
550e8400-e29b-41d4-a716-446655440000,2a0b3109-3786-4553-9828-c8fdab778163,txn-00285,180.32,GHS,2025-02-04T07:00:00Z,FALSE_POSITIVE,RETAIL,device-ring-1,ip-hash-11,US,WEB,SYSTEM,
550e8400-e29b-41d4-a716-446655440000,8f65bd74-bc20-4675-a4cd-90f08ef7e140,txn-00286,1013.93,GHS,2025-02-04T07:15:00Z,CONFIRMED_FRAUD,CRYPTO,device-016,ip-hash-35,GH,WEB,SYSTEM,
550e8400-e29b-41d4-a716-446655440000,2f54dd7c-efcb-4c4e-ae1a-10a699c012e0,txn-00287,86.42,GHS,2025-02-04T07:30:00Z,CONFIRMED_LEGIT,GAMBLING,device-006,ip-hash-3,US,WEB,ANALYST,
550e8400-e29b-41d4-a716-446655440000,94563568-b3bd-4d66-8f06-de0b49bffece,txn-00288,354.06,USD,2025-02-04T07:45:00Z,FALSE_POSITIVE,CRYPTO,device-027,ip-hash-14,US,WEB,CHARGEBACK,
550e8400-e29b-41d4-a716-446655440000,8f679098-4ffb-449c-b0f4-4201be3a7917,txn-00289,1429.79,USD,2025-02-04T08:00:00Z,CONFIRMED_FRAUD,GAMBLING,device-019,ip-hash-37,US,WEB,SYSTEM,
550e8400-e29b-41d4-a716-446655440000,6e493456-d626-4f6d-a7de-a740c24925c5,txn-00290,4905.5,USD,2025-02-04T08:15:00Z,CONFIRMED_FRAUD,GAMBLING,device-ring-3,ip-hash-9,US,MOBILE,ANALYST,
550e8400-e29b-41d4-a716-446655440000,94563568-b3bd-4d66-8f06-de0b49bffece,txn-00291,562.63,USD,2025-02-04T08:30:00Z,FALSE_POSITIVE,RETAIL,device-027,ip-hash-46,US,MOBILE,SYSTEM,
550e8400-e29b-41d4-a716-446655440000,ed613ee6-3273-4968-b47d-c6826b92af82,txn-00292,464.05,GHS,2025-02-04T08:45:00Z,FALSE_POSITIVE,RETAIL,device-ring-3,ip-hash-5,GH,WEB,SYSTEM,
550e8400-e29b-41d4-a716-446655440000,b2b850fb-f6cb-4460-ae12-4fe684f63e95,txn-00293,749.39,GHS,2025-02-04T09:00:00Z,FALSE_POSITIVE,RETAIL,device-023,ip-hash-21,GH,MOBILE,SYSTEM,
550e8400-e29b-41d4-a716-446655440000,902657c4-3bca-452c-8262-226b94e10e9e,txn-00294,559.34,GHS,2025-02-04T09:15:00Z,FALSE_POSITIVE,CRYPTO,device-014,ip-hash-14,US,MOBILE,ANALYST,
550e8400-e29b-41d4-a716-446655440000,756ca5e1-dfef-4fc4-bb44-f5c3ba321b45,txn-00295,230.46,GHS,2025-02-04T09:30:00Z,FALSE_POSITIVE,RETAIL,device-ring-2,ip-hash-22,GH,MOBILE,CHARGEBACK,
550e8400-e29b-41d4-a716-446655440000,f9298b91-a55e-43e8-88f5-3313ff3dc09e,txn-00296,370.37,USD,2025-02-04T09:45:00Z,FALSE_POSITIVE,RETAIL,device-020,ip-hash-29,US,MOBILE,ANALYST,
550e8400-e29b-41d4-a716-446655440000,2f54dd7c-efcb-4c4e-ae1a-10a699c012e0,txn-00297,727.98,GHS,2025-02-04T10:00:00Z,CONFIRMED_LEGIT,CRYPTO,device-ring-2,ip-hash-6,US,WEB,CHARGEBACK,
550e8400-e29b-41d4-a716-446655440000,672764d9-f906-418d-8355-4411b62bb366,txn-00298,520.88,USD,2025-02-04T10:15:00Z,FALSE_POSITIVE,RETAIL,device-011,ip-hash-28,GH,MOBILE,CHARGEBACK,
550e8400-e29b-41d4-a716-446655440000,2f54dd7c-efcb-4c4e-ae1a-10a699c012e0,txn-00299,110.5,USD,2025-02-04T10:30:00Z,FALSE_POSITIVE,RETAIL,device-006,ip-hash-1,US,MOBILE,ANALYST,
550e8400-e29b-41d4-a716-446655440000,a33b91e6-00ad-4603-9e76-8b6cab0821f8,txn-00300,818.73,USD,2025-02-04T10:45:00Z,CONFIRMED_FRAUD,GAMBLING,device-022,ip-hash-7,US,WEB,ANALYST,
550e8400-e29b-41d4-a716-446655440000,3627a528-417e-442d-83a1-6b12ce78d7d6,txn-00301,651.63,USD,2025-02-04T11:00:00Z,FALSE_POSITIVE,CRYPTO,device-004,ip-hash-5,GH,MOBILE,ANALYST,
550e8400-e29b-41d4-a716-446655440000,672764d9-f906-418d-8355-4411b62bb366,txn-00302,504.32,GHS,2025-02-04T11:15:00Z,FALSE_POSITIVE,RETAIL,device-ring-2,ip-hash-14,GH,MOBILE,CHARGEBACK,
550e8400-e29b-41d4-a716-446655440000,b54bb828-5a85-4631-aa87-2afcca3ed571,txn-00303,3785.04,GHS,2025-02-04T11:30:00Z,CONFIRMED_FRAUD,GAMBLING,device-024,ip-hash-21,GH,MOBILE,ANALYST,
550e8400-e29b-41d4-a716-446655440000,f9298b91-a55e-43e8-88f5-3313ff3dc09e,txn-00304,2990.28,GHS,2025-02-04T11:45:00Z,CONFIRMED_FRAUD,CRYPTO,device-020,ip-hash-50,GH,WEB,CHARGEBACK,
550e8400-e29b-41d4-a716-446655440000,8f65bd74-bc20-4675-a4cd-90f08ef7e140,txn-00305,154.97,USD,2025-02-04T12:00:00Z,FALSE_POSITIVE,RETAIL,device-016,ip-hash-32,US,MOBILE,CHARGEBACK,
550e8400-e29b-41d4-a716-446655440000,51fd83e6-0dcd-4148-b8ca-e89e6228fcb9,txn-00306,61.45,GHS,2025-02-04T12:15:00Z,FALSE_POSITIVE,CRYPTO,device-ring-3,ip-hash-21,GH,WEB,SYSTEM,
550e8400-e29b-41d4-a716-446655440000,f1021207-3ee3-4991-a9a5-b445314c8cf8,txn-00307,547.94,USD,2025-02-04T12:30:00Z,FALSE_POSITIVE,GAMBLING,device-013,ip-hash-2,GH,MOBILE,ANALYST,
550e8400-e29b-41d4-a716-446655440000,2f54dd7c-efcb-4c4e-ae1a-10a699c012e0,txn-00308,772.11,GHS,2025-02-04T12:45:00Z,CONFIRMED_FRAUD,CRYPTO,device-ring-2,ip-hash-28,US,MOBILE,SYSTEM,
550e8400-e29b-41d4-a716-446655440000,6e493456-d626-4f6d-a7de-a740c24925c5,txn-00309,126.38,USD,2025-02-04T13:00:00Z,FALSE_POSITIVE,RETAIL,device-ring-3,ip-hash-10,US,WEB,SYSTEM,
550e8400-e29b-41d4-a716-446655440000,f9298b91-a55e-43e8-88f5-3313ff3dc09e,txn-00310,521.62,GHS,2025-02-04T13:15:00Z,FALSE_POSITIVE,RETAIL,device-020,ip-hash-45,US,MOBILE,CHARGEBACK,
550e8400-e29b-41d4-a716-446655440000,23b30481-729a-4437-aebf-5d1d3f93a401,txn-00311,2455.18,GHS,2025-02-04T13:30:00Z,CONFIRMED_FRAUD,CRYPTO,device-007,ip-hash-43,GH,MOBILE,CHARGEBACK,
550e8400-e29b-41d4-a716-446655440000,a33b91e6-00ad-4603-9e76-8b6cab0821f8,txn-00312,551.08,GHS,2025-02-04T13:45:00Z,CONFIRMED_FRAUD,CRYPTO,device-022,ip-hash-34,US,MOBILE,ANALYST,
550e8400-e29b-41d4-a716-446655440000,3627a528-417e-442d-83a1-6b12ce78d7d6,txn-00313,699.4,USD,2025-02-04T14:00:00Z,FALSE_POSITIVE,GAMBLING,device-ring-1,ip-hash-22,US,WEB,SYSTEM,
550e8400-e29b-41d4-a716-446655440000,ce648f5d-46be-444d-864b-1f53fb863fe7,txn-00314,780.17,GHS,2025-02-04T14:15:00Z,FALSE_POSITIVE,RETAIL,device-ring-1,ip-hash-4,US,MOBILE,ANALYST,
550e8400-e29b-41d4-a716-446655440000,2066ffb4-4a04-4f47-9d1b-26fd98b1c654,txn-00315,86.81,USD,2025-02-04T14:30:00Z,FALSE_POSITIVE,RETAIL,device-005,ip-hash-48,GH,MOBILE,CHARGEBACK,
550e8400-e29b-41d4-a716-446655440000,23b30481-729a-4437-aebf-5d1d3f93a401,txn-00316,2137.89,USD,2025-02-04T14:45:00Z,CONFIRMED_FRAUD,RETAIL,device-ring-2,ip-hash-36,US,MOBILE,ANALYST,
550e8400-e29b-41d4-a716-446655440000,23b30481-729a-4437-aebf-5d1d3f93a401,txn-00317,577.63,GHS,2025-02-04T15:00:00Z,FALSE_POSITIVE,RETAIL,device-ring-2,ip-hash-8,GH,MOBILE,CHARGEBACK,
550e8400-e29b-41d4-a716-446655440000,15ef858e-69ab-4933-8b5a-3197feda26bc,txn-00318,41.51,GHS,2025-02-04T15:15:00Z,FALSE_POSITIVE,RETAIL,device-025,ip-hash-19,US,WEB,CHARGEBACK,
550e8400-e29b-41d4-a716-446655440000,6e493456-d626-4f6d-a7de-a740c24925c5,txn-00319,298.29,USD,2025-02-04T15:30:00Z,FALSE_POSITIVE,RETAIL,device-017,ip-hash-30,US,WEB,CHARGEBACK,
550e8400-e29b-41d4-a716-446655440000,b2b850fb-f6cb-4460-ae12-4fe684f63e95,txn-00320,609.58,USD,2025-02-04T15:45:00Z,CONFIRMED_LEGIT,RETAIL,device-023,ip-hash-27,GH,MOBILE,SYSTEM,
550e8400-e29b-41d4-a716-446655440000,672764d9-f906-418d-8355-4411b62bb366,txn-00321,556.3,GHS,2025-02-04T16:00:00Z,FALSE_POSITIVE,RETAIL,device-ring-2,ip-hash-48,US,MOBILE,CHARGEBACK,
550e8400-e29b-41d4-a716-446655440000,8f65bd74-bc20-4675-a4cd-90f08ef7e140,txn-00322,338.75,USD,2025-02-04T16:15:00Z,CONFIRMED_LEGIT,CRYPTO,device-016,ip-hash-46,US,MOBILE,CHARGEBACK,
550e8400-e29b-41d4-a716-446655440000,4bc27d8e-f470-4046-8e38-9697c3da1c15,txn-00323,677.18,GHS,2025-02-04T16:30:00Z,FALSE_POSITIVE,RETAIL,device-029,ip-hash-30,GH,MOBILE,SYSTEM,
550e8400-e29b-41d4-a716-446655440000,3627a528-417e-442d-83a1-6b12ce78d7d6,txn-00324,318.51,USD,2025-02-04T16:45:00Z,FALSE_POSITIVE,RETAIL,device-ring-1,ip-hash-16,US,WEB,ANALYST,
550e8400-e29b-41d4-a716-446655440000,4bc27d8e-f470-4046-8e38-9697c3da1c15,txn-00325,562.08,GHS,2025-02-04T17:00:00Z,FALSE_POSITIVE,GAMBLING,device-029,ip-hash-29,US,MOBILE,CHARGEBACK,
550e8400-e29b-41d4-a716-446655440000,2f54dd7c-efcb-4c4e-ae1a-10a699c012e0,txn-00326,3965.66,GHS,2025-02-04T17:15:00Z,CONFIRMED_FRAUD,GAMBLING,device-ring-2,ip-hash-30,US,WEB,CHARGEBACK,
550e8400-e29b-41d4-a716-446655440000,6e493456-d626-4f6d-a7de-a740c24925c5,txn-00327,617.42,USD,2025-02-04T17:30:00Z,FALSE_POSITIVE,RETAIL,device-ring-3,ip-hash-6,GH,WEB,SYSTEM,
550e8400-e29b-41d4-a716-446655440000,a33b91e6-00ad-4603-9e76-8b6cab0821f8,txn-00328,175.94,USD,2025-02-04T17:45:00Z,FALSE_POSITIVE,CRYPTO,device-022,ip-hash-6,GH,WEB,ANALYST,
550e8400-e29b-41d4-a716-446655440000,8f65bd74-bc20-4675-a4cd-90f08ef7e140,txn-00329,1844.78,GHS,2025-02-04T18:00:00Z,CONFIRMED_FRAUD,RETAIL,device-ring-3,ip-hash-29,GH,MOBILE,ANALYST,
550e8400-e29b-41d4-a716-446655440000,bbbe5d39-7538-42df-a2fa-7f8c90d764ac,txn-00330,116.14,USD,2025-02-04T18:15:00Z,FALSE_POSITIVE,RETAIL,device-003,ip-hash-9,GH,WEB,ANALYST,
550e8400-e29b-41d4-a716-446655440000,f90397b5-4e55-4b66-ab13-b3b4a34e6e59,txn-00331,517.52,GHS,2025-02-04T18:30:00Z,FALSE_POSITIVE,RETAIL,device-021,ip-hash-5,GH,MOBILE,CHARGEBACK,
550e8400-e29b-41d4-a716-446655440000,8ef0b6c7-a300-4d6c-8ba7-2af34390ed9a,txn-00332,648.39,GHS,2025-02-04T18:45:00Z,FALSE_POSITIVE,RETAIL,device-028,ip-hash-8,GH,WEB,CHARGEBACK,
550e8400-e29b-41d4-a716-446655440000,2066ffb4-4a04-4f47-9d1b-26fd98b1c654,txn-00333,349.36,GHS,2025-02-04T19:00:00Z,CONFIRMED_LEGIT,GAMBLING,device-ring-1,ip-hash-44,US,MOBILE,ANALYST,
550e8400-e29b-41d4-a716-446655440000,2f54dd7c-efcb-4c4e-ae1a-10a699c012e0,txn-00334,223.61,USD,2025-02-04T19:15:00Z,CONFIRMED_LEGIT,RETAIL,device-ring-2,ip-hash-42,US,WEB,ANALYST,
550e8400-e29b-41d4-a716-446655440000,8ef0b6c7-a300-4d6c-8ba7-2af34390ed9a,txn-00335,53.48,USD,2025-02-04T19:30:00Z,FALSE_POSITIVE,RETAIL,device-028,ip-hash-27,GH,MOBILE,SYSTEM,
550e8400-e29b-41d4-a716-446655440000,15ef858e-69ab-4933-8b5a-3197feda26bc,txn-00336,20.53,GHS,2025-02-04T19:45:00Z,FALSE_POSITIVE,RETAIL,device-025,ip-hash-31,US,WEB,SYSTEM,
550e8400-e29b-41d4-a716-446655440000,8f65bd74-bc20-4675-a4cd-90f08ef7e140,txn-00337,220.0,USD,2025-02-04T20:00:00Z,FALSE_POSITIVE,RETAIL,device-ring-3,ip-hash-50,US,MOBILE,ANALYST,
550e8400-e29b-41d4-a716-446655440000,8f65bd74-bc20-4675-a4cd-90f08ef7e140,txn-00338,469.27,USD,2025-02-04T20:15:00Z,FALSE_POSITIVE,RETAIL,device-ring-3,ip-hash-43,GH,WEB,SYSTEM,
550e8400-e29b-41d4-a716-446655440000,b11eb531-0bb9-440f-8d8c-e82da713b8f4,txn-00339,590.96,USD,2025-02-04T20:30:00Z,FALSE_POSITIVE,GAMBLING,device-026,ip-hash-37,US,WEB,CHARGEBACK,
550e8400-e29b-41d4-a716-446655440000,2066ffb4-4a04-4f47-9d1b-26fd98b1c654,txn-00340,257.81,USD,2025-02-04T20:45:00Z,FALSE_POSITIVE,GAMBLING,device-ring-1,ip-hash-46,US,MOBILE,SYSTEM,
550e8400-e29b-41d4-a716-446655440000,2f54dd7c-efcb-4c4e-ae1a-10a699c012e0,txn-00341,649.27,USD,2025-02-04T21:00:00Z,FALSE_POSITIVE,CRYPTO,device-ring-2,ip-hash-32,GH,MOBILE,CHARGEBACK,
550e8400-e29b-41d4-a716-446655440000,23b30481-729a-4437-aebf-5d1d3f93a401,txn-00342,20.84,USD,2025-02-04T21:15:00Z,FALSE_POSITIVE,RETAIL,device-ring-2,ip-hash-9,US,MOBILE,ANALYST,
550e8400-e29b-41d4-a716-446655440000,9f82f1a6-0744-42d9-998e-f835517a03b5,txn-00343,3139.74,GHS,2025-02-04T21:30:00Z,CONFIRMED_FRAUD,RETAIL,device-001,ip-hash-5,US,WEB,SYSTEM,
550e8400-e29b-41d4-a716-446655440000,bbbe5d39-7538-42df-a2fa-7f8c90d764ac,txn-00344,261.47,GHS,2025-02-04T21:45:00Z,FALSE_POSITIVE,CRYPTO,device-003,ip-hash-41,US,WEB,CHARGEBACK,
550e8400-e29b-41d4-a716-446655440000,a33b91e6-00ad-4603-9e76-8b6cab0821f8,txn-00345,556.38,GHS,2025-02-04T22:00:00Z,CONFIRMED_LEGIT,CRYPTO,device-022,ip-hash-15,GH,WEB,ANALYST,
550e8400-e29b-41d4-a716-446655440000,b2b850fb-f6cb-4460-ae12-4fe684f63e95,txn-00346,106.24,GHS,2025-02-04T22:15:00Z,FALSE_POSITIVE,GAMBLING,device-023,ip-hash-50,GH,MOBILE,SYSTEM,
550e8400-e29b-41d4-a716-446655440000,53b8e0f1-36d4-45ed-893f-544d81b563c8,txn-00347,774.19,GHS,2025-02-04T22:30:00Z,CONFIRMED_LEGIT,RETAIL,device-ring-2,ip-hash-10,US,MOBILE,CHARGEBACK,
550e8400-e29b-41d4-a716-446655440000,672764d9-f906-418d-8355-4411b62bb366,txn-00348,138.47,GHS,2025-02-04T22:45:00Z,CONFIRMED_LEGIT,CRYPTO,device-ring-2,ip-hash-29,GH,WEB,CHARGEBACK,
550e8400-e29b-41d4-a716-446655440000,23b30481-729a-4437-aebf-5d1d3f93a401,txn-00349,283.63,USD,2025-02-04T23:00:00Z,FALSE_POSITIVE,GAMBLING,device-007,ip-hash-25,US,WEB,CHARGEBACK,
550e8400-e29b-41d4-a716-446655440000,8ef0b6c7-a300-4d6c-8ba7-2af34390ed9a,txn-00350,706.01,GHS,2025-02-04T23:15:00Z,FALSE_POSITIVE,RETAIL,device-028,ip-hash-7,US,MOBILE,CHARGEBACK,
550e8400-e29b-41d4-a716-446655440000,902657c4-3bca-452c-8262-226b94e10e9e,txn-00351,4305.93,USD,2025-02-04T23:30:00Z,CONFIRMED_FRAUD,GAMBLING,device-ring-3,ip-hash-5,US,MOBILE,ANALYST,
550e8400-e29b-41d4-a716-446655440000,2066ffb4-4a04-4f47-9d1b-26fd98b1c654,txn-00352,439.9,GHS,2025-02-04T23:45:00Z,FALSE_POSITIVE,CRYPTO,device-ring-1,ip-hash-46,GH,WEB,SYSTEM,
550e8400-e29b-41d4-a716-446655440000,2066ffb4-4a04-4f47-9d1b-26fd98b1c654,txn-00353,350.19,USD,2025-02-05T00:00:00Z,FALSE_POSITIVE,RETAIL,device-ring-1,ip-hash-27,US,WEB,ANALYST,
550e8400-e29b-41d4-a716-446655440000,23b30481-729a-4437-aebf-5d1d3f93a401,txn-00354,2268.06,USD,2025-02-05T00:15:00Z,CONFIRMED_FRAUD,CRYPTO,device-ring-2,ip-hash-24,GH,WEB,CHARGEBACK,
550e8400-e29b-41d4-a716-446655440000,35fcf2ba-996e-4d28-810b-def28871df3a,txn-00355,501.95,USD,2025-02-05T00:30:00Z,FALSE_POSITIVE,RETAIL,device-ring-2,ip-hash-11,US,MOBILE,ANALYST,
550e8400-e29b-41d4-a716-446655440000,94563568-b3bd-4d66-8f06-de0b49bffece,txn-00356,4031.94,GHS,2025-02-05T00:45:00Z,CONFIRMED_FRAUD,CRYPTO,device-027,ip-hash-6,US,MOBILE,ANALYST,
550e8400-e29b-41d4-a716-446655440000,8ef0b6c7-a300-4d6c-8ba7-2af34390ed9a,txn-00357,153.33,GHS,2025-02-05T01:00:00Z,FALSE_POSITIVE,RETAIL,device-028,ip-hash-30,US,MOBILE,ANALYST,
550e8400-e29b-41d4-a716-446655440000,c421d45d-6669-4ea1-bb49-f722c87a338b,txn-00358,3885.06,USD,2025-02-05T01:15:00Z,CONFIRMED_FRAUD,CRYPTO,device-018,ip-hash-43,US,WEB,SYSTEM,
550e8400-e29b-41d4-a716-446655440000,23b30481-729a-4437-aebf-5d1d3f93a401,txn-00359,673.43,GHS,2025-02-05T01:30:00Z,FALSE_POSITIVE,GAMBLING,device-ring-2,ip-hash-37,GH,WEB,ANALYST,
550e8400-e29b-41d4-a716-446655440000,ce648f5d-46be-444d-864b-1f53fb863fe7,txn-00360,683.88,USD,2025-02-05T01:45:00Z,FALSE_POSITIVE,RETAIL,device-ring-1,ip-hash-8,US,MOBILE,CHARGEBACK,
550e8400-e29b-41d4-a716-446655440000,2f54dd7c-efcb-4c4e-ae1a-10a699c012e0,txn-00361,105.32,GHS,2025-02-05T02:00:00Z,FALSE_POSITIVE,RETAIL,device-006,ip-hash-13,GH,WEB,ANALYST,
550e8400-e29b-41d4-a716-446655440000,4bc27d8e-f470-4046-8e38-9697c3da1c15,txn-00362,646.84,GHS,2025-02-05T02:15:00Z,FALSE_POSITIVE,RETAIL,device-029,ip-hash-36,US,WEB,SYSTEM,
550e8400-e29b-41d4-a716-446655440000,902657c4-3bca-452c-8262-226b94e10e9e,txn-00363,14.83,GHS,2025-02-05T02:30:00Z,CONFIRMED_LEGIT,GAMBLING,device-ring-3,ip-hash-8,US,MOBILE,CHARGEBACK,
550e8400-e29b-41d4-a716-446655440000,c421d45d-6669-4ea1-bb49-f722c87a338b,txn-00364,607.91,USD,2025-02-05T02:45:00Z,FALSE_POSITIVE,CRYPTO,device-018,ip-hash-37,GH,WEB,SYSTEM,
550e8400-e29b-41d4-a716-446655440000,8ef0b6c7-a300-4d6c-8ba7-2af34390ed9a,txn-00365,331.66,GHS,2025-02-05T03:00:00Z,FALSE_POSITIVE,RETAIL,device-028,ip-hash-37,US,MOBILE,CHARGEBACK,
550e8400-e29b-41d4-a716-446655440000,756ca5e1-dfef-4fc4-bb44-f5c3ba321b45,txn-00366,496.5,GHS,2025-02-05T03:15:00Z,FALSE_POSITIVE,RETAIL,device-ring-2,ip-hash-22,GH,MOBILE,SYSTEM,
550e8400-e29b-41d4-a716-446655440000,51fd83e6-0dcd-4148-b8ca-e89e6228fcb9,txn-00367,718.14,GHS,2025-02-05T03:30:00Z,CONFIRMED_LEGIT,RETAIL,device-015,ip-hash-20,US,WEB,SYSTEM,
550e8400-e29b-41d4-a716-446655440000,f90397b5-4e55-4b66-ab13-b3b4a34e6e59,txn-00368,4410.05,GHS,2025-02-05T03:45:00Z,CONFIRMED_FRAUD,GAMBLING,device-021,ip-hash-50,US,WEB,SYSTEM,
550e8400-e29b-41d4-a716-446655440000,f1021207-3ee3-4991-a9a5-b445314c8cf8,txn-00369,75.98,GHS,2025-02-05T04:00:00Z,FALSE_POSITIVE,RETAIL,device-013,ip-hash-48,US,WEB,CHARGEBACK,
550e8400-e29b-41d4-a716-446655440000,8f65bd74-bc20-4675-a4cd-90f08ef7e140,txn-00370,57.17,USD,2025-02-05T04:15:00Z,FALSE_POSITIVE,GAMBLING,device-ring-3,ip-hash-12,GH,MOBILE,CHARGEBACK,
550e8400-e29b-41d4-a716-446655440000,23b30481-729a-4437-aebf-5d1d3f93a401,txn-00371,727.52,GHS,2025-02-05T04:30:00Z,CONFIRMED_FRAUD,GAMBLING,device-ring-2,ip-hash-30,US,MOBILE,SYSTEM,
550e8400-e29b-41d4-a716-446655440000,2a0b3109-3786-4553-9828-c8fdab778163,txn-00372,393.59,GHS,2025-02-05T04:45:00Z,FALSE_POSITIVE,RETAIL,device-000,ip-hash-38,US,WEB,CHARGEBACK,
550e8400-e29b-41d4-a716-446655440000,b11eb531-0bb9-440f-8d8c-e82da713b8f4,txn-00373,600.42,GHS,2025-02-05T05:00:00Z,FALSE_POSITIVE,RETAIL,device-026,ip-hash-2,US,MOBILE,CHARGEBACK,
550e8400-e29b-41d4-a716-446655440000,94563568-b3bd-4d66-8f06-de0b49bffece,txn-00374,772.11,USD,2025-02-05T05:15:00Z,FALSE_POSITIVE,CRYPTO,device-027,ip-hash-44,GH,WEB,SYSTEM,
550e8400-e29b-41d4-a716-446655440000,f1021207-3ee3-4991-a9a5-b445314c8cf8,txn-00375,692.38,GHS,2025-02-05T05:30:00Z,FALSE_POSITIVE,CRYPTO,device-013,ip-hash-9,GH,MOBILE,CHARGEBACK,
550e8400-e29b-41d4-a716-446655440000,756ca5e1-dfef-4fc4-bb44-f5c3ba321b45,txn-00376,754.69,GHS,2025-02-05T05:45:00Z,FALSE_POSITIVE,GAMBLING,device-008,ip-hash-28,US,WEB,ANALYST,
550e8400-e29b-41d4-a716-446655440000,756ca5e1-dfef-4fc4-bb44-f5c3ba321b45,txn-00377,1859.65,USD,2025-02-05T06:00:00Z,CONFIRMED_FRAUD,CRYPTO,device-008,ip-hash-1,US,WEB,ANALYST,
550e8400-e29b-41d4-a716-446655440000,f90397b5-4e55-4b66-ab13-b3b4a34e6e59,txn-00378,787.27,GHS,2025-02-05T06:15:00Z,CONFIRMED_FRAUD,RETAIL,device-021,ip-hash-18,US,WEB,CHARGEBACK,
550e8400-e29b-41d4-a716-446655440000,3627a528-417e-442d-83a1-6b12ce78d7d6,txn-00379,196.04,GHS,2025-02-05T06:30:00Z,FALSE_POSITIVE,RETAIL,device-004,ip-hash-43,US,MOBILE,SYSTEM,
550e8400-e29b-41d4-a716-446655440000,2a0b3109-3786-4553-9828-c8fdab778163,txn-00380,797.99,GHS,2025-02-05T06:45:00Z,FALSE_POSITIVE,RETAIL,device-ring-1,ip-hash-48,GH,MOBILE,ANALYST,
550e8400-e29b-41d4-a716-446655440000,b2b850fb-f6cb-4460-ae12-4fe684f63e95,txn-00381,550.62,GHS,2025-02-05T07:00:00Z,FALSE_POSITIVE,RETAIL,device-023,ip-hash-43,US,WEB,CHARGEBACK,
550e8400-e29b-41d4-a716-446655440000,b11eb531-0bb9-440f-8d8c-e82da713b8f4,txn-00382,448.81,GHS,2025-02-05T07:15:00Z,FALSE_POSITIVE,RETAIL,device-026,ip-hash-9,US,MOBILE,SYSTEM,
550e8400-e29b-41d4-a716-446655440000,8ef0b6c7-a300-4d6c-8ba7-2af34390ed9a,txn-00383,75.99,GHS,2025-02-05T07:30:00Z,FALSE_POSITIVE,RETAIL,device-028,ip-hash-27,US,WEB,ANALYST,
550e8400-e29b-41d4-a716-446655440000,c421d45d-6669-4ea1-bb49-f722c87a338b,txn-00384,681.72,USD,2025-02-05T07:45:00Z,FALSE_POSITIVE,RETAIL,device-018,ip-hash-31,GH,MOBILE,SYSTEM,
550e8400-e29b-41d4-a716-446655440000,ed613ee6-3273-4968-b47d-c6826b92af82,txn-00385,333.42,USD,2025-02-05T08:00:00Z,FALSE_POSITIVE,CRYPTO,device-ring-3,ip-hash-22,US,WEB,CHARGEBACK,
550e8400-e29b-41d4-a716-446655440000,53b8e0f1-36d4-45ed-893f-544d81b563c8,txn-00386,148.38,USD,2025-02-05T08:15:00Z,FALSE_POSITIVE,RETAIL,device-ring-2,ip-hash-21,GH,MOBILE,ANALYST,
550e8400-e29b-41d4-a716-446655440000,756ca5e1-dfef-4fc4-bb44-f5c3ba321b45,txn-00387,3980.94,USD,2025-02-05T08:30:00Z,CONFIRMED_FRAUD,CRYPTO,device-ring-2,ip-hash-9,US,WEB,ANALYST,
550e8400-e29b-41d4-a716-446655440000,f1021207-3ee3-4991-a9a5-b445314c8cf8,txn-00388,309.74,GHS,2025-02-05T08:45:00Z,CONFIRMED_LEGIT,RETAIL,device-ring-3,ip-hash-1,US,MOBILE,CHARGEBACK,
550e8400-e29b-41d4-a716-446655440000,f90397b5-4e55-4b66-ab13-b3b4a34e6e59,txn-00389,3801.21,GHS,2025-02-05T09:00:00Z,CONFIRMED_FRAUD,GAMBLING,device-021,ip-hash-20,GH,MOBILE,ANALYST,
550e8400-e29b-41d4-a716-446655440000,8f65bd74-bc20-4675-a4cd-90f08ef7e140,txn-00390,137.78,GHS,2025-02-05T09:15:00Z,FALSE_POSITIVE,GAMBLING,device-ring-3,ip-hash-30,US,WEB,SYSTEM,
550e8400-e29b-41d4-a716-446655440000,3627a528-417e-442d-83a1-6b12ce78d7d6,txn-00391,721.6,GHS,2025-02-05T09:30:00Z,FALSE_POSITIVE,RETAIL,device-ring-1,ip-hash-2,GH,MOBILE,SYSTEM,
550e8400-e29b-41d4-a716-446655440000,3627a528-417e-442d-83a1-6b12ce78d7d6,txn-00392,598.61,USD,2025-02-05T09:45:00Z,CONFIRMED_FRAUD,CRYPTO,device-ring-1,ip-hash-25,US,MOBILE,SYSTEM,
550e8400-e29b-41d4-a716-446655440000,9f82f1a6-0744-42d9-998e-f835517a03b5,txn-00393,524.59,GHS,2025-02-05T10:00:00Z,FALSE_POSITIVE,RETAIL,device-001,ip-hash-29,US,MOBILE,SYSTEM,
550e8400-e29b-41d4-a716-446655440000,756ca5e1-dfef-4fc4-bb44-f5c3ba321b45,txn-00394,126.74,GHS,2025-02-05T10:15:00Z,FALSE_POSITIVE,RETAIL,device-008,ip-hash-27,GH,WEB,SYSTEM,
550e8400-e29b-41d4-a716-446655440000,8f679098-4ffb-449c-b0f4-4201be3a7917,txn-00395,337.97,USD,2025-02-05T10:30:00Z,FALSE_POSITIVE,CRYPTO,device-019,ip-hash-19,GH,MOBILE,ANALYST,
550e8400-e29b-41d4-a716-446655440000,2f54dd7c-efcb-4c4e-ae1a-10a699c012e0,txn-00396,623.48,GHS,2025-02-05T10:45:00Z,FALSE_POSITIVE,GAMBLING,device-006,ip-hash-46,US,WEB,CHARGEBACK,
550e8400-e29b-41d4-a716-446655440000,9f82f1a6-0744-42d9-998e-f835517a03b5,txn-00397,728.73,USD,2025-02-05T11:00:00Z,FALSE_POSITIVE,RETAIL,device-ring-1,ip-hash-1,GH,MOBILE,CHARGEBACK,
550e8400-e29b-41d4-a716-446655440000,b11eb531-0bb9-440f-8d8c-e82da713b8f4,txn-00398,397.81,USD,2025-02-05T11:15:00Z,FALSE_POSITIVE,CRYPTO,device-026,ip-hash-47,GH,WEB,SYSTEM,
550e8400-e29b-41d4-a716-446655440000,23b30481-729a-4437-aebf-5d1d3f93a401,txn-00399,781.95,USD,2025-02-05T11:30:00Z,FALSE_POSITIVE,RETAIL,device-ring-2,ip-hash-3,US,WEB,SYSTEM,
550e8400-e29b-41d4-a716-446655440000,53b8e0f1-36d4-45ed-893f-544d81b563c8,txn-00400,97.14,USD,2025-02-05T11:45:00Z,FALSE_POSITIVE,CRYPTO,device-010,ip-hash-9,GH,WEB,ANALYST,
550e8400-e29b-41d4-a716-446655440000,8ef0b6c7-a300-4d6c-8ba7-2af34390ed9a,txn-00401,499.34,USD,2025-02-05T12:00:00Z,FALSE_POSITIVE,CRYPTO,device-028,ip-hash-24,US,MOBILE,CHARGEBACK,
550e8400-e29b-41d4-a716-446655440000,ed613ee6-3273-4968-b47d-c6826b92af82,txn-00402,367.95,GHS,2025-02-05T12:15:00Z,FALSE_POSITIVE,GAMBLING,device-012,ip-hash-27,GH,MOBILE,CHARGEBACK,
550e8400-e29b-41d4-a716-446655440000,a33b91e6-00ad-4603-9e76-8b6cab0821f8,txn-00403,785.35,USD,2025-02-05T12:30:00Z,FALSE_POSITIVE,GAMBLING,device-022,ip-hash-27,US,WEB,CHARGEBACK,
550e8400-e29b-41d4-a716-446655440000,8f679098-4ffb-449c-b0f4-4201be3a7917,txn-00404,290.09,USD,2025-02-05T12:45:00Z,FALSE_POSITIVE,RETAIL,device-019,ip-hash-31,US,MOBILE,ANALYST,
550e8400-e29b-41d4-a716-446655440000,902657c4-3bca-452c-8262-226b94e10e9e,txn-00405,1677.26,USD,2025-02-05T13:00:00Z,CONFIRMED_FRAUD,GAMBLING,device-014,ip-hash-43,US,MOBILE,ANALYST,
550e8400-e29b-41d4-a716-446655440000,f90397b5-4e55-4b66-ab13-b3b4a34e6e59,txn-00406,388.13,GHS,2025-02-05T13:15:00Z,FALSE_POSITIVE,RETAIL,device-021,ip-hash-10,GH,MOBILE,SYSTEM,
550e8400-e29b-41d4-a716-446655440000,4bc27d8e-f470-4046-8e38-9697c3da1c15,txn-00407,4319.81,USD,2025-02-05T13:30:00Z,CONFIRMED_FRAUD,RETAIL,device-029,ip-hash-5,US,WEB,CHARGEBACK,
550e8400-e29b-41d4-a716-446655440000,53b8e0f1-36d4-45ed-893f-544d81b563c8,txn-00408,45.03,GHS,2025-02-05T13:45:00Z,CONFIRMED_LEGIT,RETAIL,device-010,ip-hash-16,GH,WEB,ANALYST,
550e8400-e29b-41d4-a716-446655440000,15ef858e-69ab-4933-8b5a-3197feda26bc,txn-00409,74.98,GHS,2025-02-05T14:00:00Z,FALSE_POSITIVE,RETAIL,device-025,ip-hash-8,US,MOBILE,CHARGEBACK,
550e8400-e29b-41d4-a716-446655440000,ed613ee6-3273-4968-b47d-c6826b92af82,txn-00410,447.92,GHS,2025-02-05T14:15:00Z,FALSE_POSITIVE,RETAIL,device-ring-3,ip-hash-33,GH,WEB,ANALYST,
550e8400-e29b-41d4-a716-446655440000,672764d9-f906-418d-8355-4411b62bb366,txn-00411,654.19,GHS,2025-02-05T14:30:00Z,FALSE_POSITIVE,GAMBLING,device-ring-2,ip-hash-46,US,WEB,CHARGEBACK,
550e8400-e29b-41d4-a716-446655440000,bbbe5d39-7538-42df-a2fa-7f8c90d764ac,txn-00412,181.29,GHS,2025-02-05T14:45:00Z,FALSE_POSITIVE,RETAIL,device-003,ip-hash-36,US,MOBILE,CHARGEBACK,
550e8400-e29b-41d4-a716-446655440000,8ef0b6c7-a300-4d6c-8ba7-2af34390ed9a,txn-00413,1132.02,GHS,2025-02-05T15:00:00Z,CONFIRMED_FRAUD,CRYPTO,device-028,ip-hash-7,US,MOBILE,CHARGEBACK,
550e8400-e29b-41d4-a716-446655440000,bbbe5d39-7538-42df-a2fa-7f8c90d764ac,txn-00414,317.35,GHS,2025-02-05T15:15:00Z,CONFIRMED_LEGIT,RETAIL,device-003,ip-hash-7,US,MOBILE,SYSTEM,
550e8400-e29b-41d4-a716-446655440000,b11eb531-0bb9-440f-8d8c-e82da713b8f4,txn-00415,102.96,GHS,2025-02-05T15:30:00Z,FALSE_POSITIVE,CRYPTO,device-026,ip-hash-43,GH,WEB,CHARGEBACK,
550e8400-e29b-41d4-a716-446655440000,8f65bd74-bc20-4675-a4cd-90f08ef7e140,txn-00416,444.81,USD,2025-02-05T15:45:00Z,FALSE_POSITIVE,RETAIL,device-ring-3,ip-hash-45,GH,MOBILE,CHARGEBACK,
550e8400-e29b-41d4-a716-446655440000,ed613ee6-3273-4968-b47d-c6826b92af82,txn-00417,486.9,GHS,2025-02-05T16:00:00Z,FALSE_POSITIVE,RETAIL,device-012,ip-hash-39,GH,WEB,ANALYST,
550e8400-e29b-41d4-a716-446655440000,53b8e0f1-36d4-45ed-893f-544d81b563c8,txn-00418,365.01,GHS,2025-02-05T16:15:00Z,CONFIRMED_LEGIT,RETAIL,device-ring-2,ip-hash-45,US,MOBILE,CHARGEBACK,
550e8400-e29b-41d4-a716-446655440000,2f54dd7c-efcb-4c4e-ae1a-10a699c012e0,txn-00419,236.01,USD,2025-02-05T16:30:00Z,FALSE_POSITIVE,RETAIL,device-006,ip-hash-33,US,MOBILE,ANALYST,
550e8400-e29b-41d4-a716-446655440000,6e493456-d626-4f6d-a7de-a740c24925c5,txn-00420,458.66,GHS,2025-02-05T16:45:00Z,FALSE_POSITIVE,RETAIL,device-ring-3,ip-hash-28,GH,MOBILE,CHARGEBACK,
550e8400-e29b-41d4-a716-446655440000,ed613ee6-3273-4968-b47d-c6826b92af82,txn-00421,3516.14,USD,2025-02-05T17:00:00Z,CONFIRMED_FRAUD,GAMBLING,device-012,ip-hash-19,US,MOBILE,CHARGEBACK,
550e8400-e29b-41d4-a716-446655440000,a33b91e6-00ad-4603-9e76-8b6cab0821f8,txn-00422,167.18,GHS,2025-02-05T17:15:00Z,FALSE_POSITIVE,RETAIL,device-022,ip-hash-29,GH,MOBILE,SYSTEM,
550e8400-e29b-41d4-a716-446655440000,f9298b91-a55e-43e8-88f5-3313ff3dc09e,txn-00423,193.89,GHS,2025-02-05T17:30:00Z,FALSE_POSITIVE,GAMBLING,device-020,ip-hash-45,GH,WEB,ANALYST,
550e8400-e29b-41d4-a716-446655440000,f1021207-3ee3-4991-a9a5-b445314c8cf8,txn-00424,780.78,USD,2025-02-05T17:45:00Z,CONFIRMED_LEGIT,RETAIL,device-ring-3,ip-hash-48,US,MOBILE,SYSTEM,
550e8400-e29b-41d4-a716-446655440000,94563568-b3bd-4d66-8f06-de0b49bffece,txn-00425,696.74,GHS,2025-02-05T18:00:00Z,FALSE_POSITIVE,GAMBLING,device-027,ip-hash-49,GH,MOBILE,ANALYST,
550e8400-e29b-41d4-a716-446655440000,902657c4-3bca-452c-8262-226b94e10e9e,txn-00426,3571.96,USD,2025-02-05T18:15:00Z,CONFIRMED_FRAUD,GAMBLING,device-ring-3,ip-hash-25,GH,WEB,ANALYST,
550e8400-e29b-41d4-a716-446655440000,6e493456-d626-4f6d-a7de-a740c24925c5,txn-00427,132.94,GHS,2025-02-05T18:30:00Z,FALSE_POSITIVE,GAMBLING,device-ring-3,ip-hash-46,GH,MOBILE,CHARGEBACK,
550e8400-e29b-41d4-a716-446655440000,4bc27d8e-f470-4046-8e38-9697c3da1c15,txn-00428,45.43,GHS,2025-02-05T18:45:00Z,FALSE_POSITIVE,CRYPTO,device-029,ip-hash-32,US,MOBILE,SYSTEM,
550e8400-e29b-41d4-a716-446655440000,53b8e0f1-36d4-45ed-893f-544d81b563c8,txn-00429,765.81,USD,2025-02-05T19:00:00Z,FALSE_POSITIVE,RETAIL,device-010,ip-hash-27,US,MOBILE,ANALYST,
550e8400-e29b-41d4-a716-446655440000,23b30481-729a-4437-aebf-5d1d3f93a401,txn-00430,532.35,GHS,2025-02-05T19:15:00Z,FALSE_POSITIVE,RETAIL,device-ring-2,ip-hash-36,GH,MOBILE,SYSTEM,
550e8400-e29b-41d4-a716-446655440000,672764d9-f906-418d-8355-4411b62bb366,txn-00431,724.07,USD,2025-02-05T19:30:00Z,FALSE_POSITIVE,RETAIL,device-011,ip-hash-44,US,WEB,CHARGEBACK,
550e8400-e29b-41d4-a716-446655440000,ed613ee6-3273-4968-b47d-c6826b92af82,txn-00432,580.56,GHS,2025-02-05T19:45:00Z,FALSE_POSITIVE,RETAIL,device-ring-3,ip-hash-33,US,WEB,CHARGEBACK,
550e8400-e29b-41d4-a716-446655440000,35fcf2ba-996e-4d28-810b-def28871df3a,txn-00433,158.05,USD,2025-02-05T20:00:00Z,FALSE_POSITIVE,RETAIL,device-009,ip-hash-50,GH,MOBILE,CHARGEBACK,
550e8400-e29b-41d4-a716-446655440000,f90397b5-4e55-4b66-ab13-b3b4a34e6e59,txn-00434,174.47,USD,2025-02-05T20:15:00Z,FALSE_POSITIVE,RETAIL,device-021,ip-hash-14,US,MOBILE,SYSTEM,
550e8400-e29b-41d4-a716-446655440000,f90397b5-4e55-4b66-ab13-b3b4a34e6e59,txn-00435,2566.51,USD,2025-02-05T20:30:00Z,CONFIRMED_FRAUD,GAMBLING,device-021,ip-hash-5,GH,MOBILE,ANALYST,
550e8400-e29b-41d4-a716-446655440000,6e493456-d626-4f6d-a7de-a740c24925c5,txn-00436,4197.29,GHS,2025-02-05T20:45:00Z,CONFIRMED_FRAUD,RETAIL,device-ring-3,ip-hash-41,US,WEB,ANALYST,
550e8400-e29b-41d4-a716-446655440000,2a0b3109-3786-4553-9828-c8fdab778163,txn-00437,99.05,USD,2025-02-05T21:00:00Z,FALSE_POSITIVE,RETAIL,device-000,ip-hash-49,GH,MOBILE,ANALYST,
550e8400-e29b-41d4-a716-446655440000,4bc27d8e-f470-4046-8e38-9697c3da1c15,txn-00438,235.42,USD,2025-02-05T21:15:00Z,FALSE_POSITIVE,RETAIL,device-029,ip-hash-19,US,WEB,ANALYST,
550e8400-e29b-41d4-a716-446655440000,b11eb531-0bb9-440f-8d8c-e82da713b8f4,txn-00439,381.82,USD,2025-02-05T21:30:00Z,FALSE_POSITIVE,RETAIL,device-026,ip-hash-48,US,WEB,SYSTEM,
550e8400-e29b-41d4-a716-446655440000,3627a528-417e-442d-83a1-6b12ce78d7d6,txn-00440,710.15,GHS,2025-02-05T21:45:00Z,FALSE_POSITIVE,CRYPTO,device-004,ip-hash-1,GH,MOBILE,CHARGEBACK,
550e8400-e29b-41d4-a716-446655440000,2a0b3109-3786-4553-9828-c8fdab778163,txn-00441,318.29,USD,2025-02-05T22:00:00Z,FALSE_POSITIVE,RETAIL,device-ring-1,ip-hash-48,US,MOBILE,ANALYST,
550e8400-e29b-41d4-a716-446655440000,8ef0b6c7-a300-4d6c-8ba7-2af34390ed9a,txn-00442,412.48,USD,2025-02-05T22:15:00Z,FALSE_POSITIVE,RETAIL,device-028,ip-hash-40,US,MOBILE,CHARGEBACK,
550e8400-e29b-41d4-a716-446655440000,2066ffb4-4a04-4f47-9d1b-26fd98b1c654,txn-00443,456.0,GHS,2025-02-05T22:30:00Z,FALSE_POSITIVE,RETAIL,device-005,ip-hash-42,GH,WEB,SYSTEM,
550e8400-e29b-41d4-a716-446655440000,ce648f5d-46be-444d-864b-1f53fb863fe7,txn-00444,161.95,GHS,2025-02-05T22:45:00Z,FALSE_POSITIVE,RETAIL,device-002,ip-hash-9,GH,MOBILE,ANALYST,
550e8400-e29b-41d4-a716-446655440000,8f679098-4ffb-449c-b0f4-4201be3a7917,txn-00445,1370.74,GHS,2025-02-05T23:00:00Z,CONFIRMED_FRAUD,CRYPTO,device-019,ip-hash-40,US,MOBILE,SYSTEM,
550e8400-e29b-41d4-a716-446655440000,c421d45d-6669-4ea1-bb49-f722c87a338b,txn-00446,256.48,USD,2025-02-05T23:15:00Z,FALSE_POSITIVE,RETAIL,device-018,ip-hash-21,GH,MOBILE,SYSTEM,
550e8400-e29b-41d4-a716-446655440000,b2b850fb-f6cb-4460-ae12-4fe684f63e95,txn-00447,224.96,GHS,2025-02-05T23:30:00Z,FALSE_POSITIVE,RETAIL,device-023,ip-hash-31,US,WEB,ANALYST,
550e8400-e29b-41d4-a716-446655440000,b54bb828-5a85-4631-aa87-2afcca3ed571,txn-00448,443.58,USD,2025-02-05T23:45:00Z,FALSE_POSITIVE,RETAIL,device-024,ip-hash-18,GH,MOBILE,ANALYST,
550e8400-e29b-41d4-a716-446655440000,b2b850fb-f6cb-4460-ae12-4fe684f63e95,txn-00449,65.79,USD,2025-02-06T00:00:00Z,FALSE_POSITIVE,RETAIL,device-023,ip-hash-33,GH,WEB,SYSTEM,
550e8400-e29b-41d4-a716-446655440000,2f54dd7c-efcb-4c4e-ae1a-10a699c012e0,txn-00450,443.52,GHS,2025-02-06T00:15:00Z,CONFIRMED_LEGIT,RETAIL,device-006,ip-hash-42,GH,WEB,ANALYST,
550e8400-e29b-41d4-a716-446655440000,23b30481-729a-4437-aebf-5d1d3f93a401,txn-00451,473.73,USD,2025-02-06T00:30:00Z,FALSE_POSITIVE,CRYPTO,device-ring-2,ip-hash-26,US,MOBILE,SYSTEM,
550e8400-e29b-41d4-a716-446655440000,23b30481-729a-4437-aebf-5d1d3f93a401,txn-00452,646.2,USD,2025-02-06T00:45:00Z,FALSE_POSITIVE,RETAIL,device-ring-2,ip-hash-29,GH,MOBILE,SYSTEM,
550e8400-e29b-41d4-a716-446655440000,c421d45d-6669-4ea1-bb49-f722c87a338b,txn-00453,774.35,GHS,2025-02-06T01:00:00Z,FALSE_POSITIVE,GAMBLING,device-018,ip-hash-23,GH,MOBILE,ANALYST,
550e8400-e29b-41d4-a716-446655440000,23b30481-729a-4437-aebf-5d1d3f93a401,txn-00454,2162.46,GHS,2025-02-06T01:15:00Z,CONFIRMED_FRAUD,GAMBLING,device-ring-2,ip-hash-25,US,WEB,CHARGEBACK,
550e8400-e29b-41d4-a716-446655440000,9f82f1a6-0744-42d9-998e-f835517a03b5,txn-00455,262.64,GHS,2025-02-06T01:30:00Z,CONFIRMED_LEGIT,GAMBLING,device-ring-1,ip-hash-48,US,MOBILE,ANALYST,
550e8400-e29b-41d4-a716-446655440000,f9298b91-a55e-43e8-88f5-3313ff3dc09e,txn-00456,472.2,USD,2025-02-06T01:45:00Z,FALSE_POSITIVE,CRYPTO,device-020,ip-hash-34,US,WEB,CHARGEBACK,
550e8400-e29b-41d4-a716-446655440000,8f65bd74-bc20-4675-a4cd-90f08ef7e140,txn-00457,654.7,USD,2025-02-06T02:00:00Z,FALSE_POSITIVE,RETAIL,device-016,ip-hash-33,GH,WEB,CHARGEBACK,
550e8400-e29b-41d4-a716-446655440000,23b30481-729a-4437-aebf-5d1d3f93a401,txn-00458,3395.65,GHS,2025-02-06T02:15:00Z,CONFIRMED_FRAUD,GAMBLING,device-ring-2,ip-hash-39,GH,MOBILE,ANALYST,
550e8400-e29b-41d4-a716-446655440000,15ef858e-69ab-4933-8b5a-3197feda26bc,txn-00459,95.1,GHS,2025-02-06T02:30:00Z,FALSE_POSITIVE,RETAIL,device-025,ip-hash-14,GH,WEB,CHARGEBACK,
550e8400-e29b-41d4-a716-446655440000,23b30481-729a-4437-aebf-5d1d3f93a401,txn-00460,3080.69,USD,2025-02-06T02:45:00Z,CONFIRMED_FRAUD,GAMBLING,device-007,ip-hash-37,GH,MOBILE,CHARGEBACK,
550e8400-e29b-41d4-a716-446655440000,756ca5e1-dfef-4fc4-bb44-f5c3ba321b45,txn-00461,415.73,USD,2025-02-06T03:00:00Z,CONFIRMED_LEGIT,RETAIL,device-008,ip-hash-47,US,MOBILE,CHARGEBACK,
550e8400-e29b-41d4-a716-446655440000,902657c4-3bca-452c-8262-226b94e10e9e,txn-00462,379.77,GHS,2025-02-06T03:15:00Z,FALSE_POSITIVE,RETAIL,device-ring-3,ip-hash-39,GH,MOBILE,SYSTEM,
550e8400-e29b-41d4-a716-446655440000,f90397b5-4e55-4b66-ab13-b3b4a34e6e59,txn-00463,138.34,GHS,2025-02-06T03:30:00Z,FALSE_POSITIVE,RETAIL,device-021,ip-hash-39,GH,MOBILE,ANALYST,
550e8400-e29b-41d4-a716-446655440000,ed613ee6-3273-4968-b47d-c6826b92af82,txn-00464,574.53,GHS,2025-02-06T03:45:00Z,CONFIRMED_FRAUD,CRYPTO,device-012,ip-hash-10,GH,MOBILE,ANALYST,
550e8400-e29b-41d4-a716-446655440000,8ef0b6c7-a300-4d6c-8ba7-2af34390ed9a,txn-00465,36.03,USD,2025-02-06T04:00:00Z,FALSE_POSITIVE,GAMBLING,device-028,ip-hash-6,US,MOBILE,SYSTEM,
550e8400-e29b-41d4-a716-446655440000,6e493456-d626-4f6d-a7de-a740c24925c5,txn-00466,718.09,GHS,2025-02-06T04:15:00Z,FALSE_POSITIVE,GAMBLING,device-017,ip-hash-24,GH,WEB,CHARGEBACK,
550e8400-e29b-41d4-a716-446655440000,15ef858e-69ab-4933-8b5a-3197feda26bc,txn-00467,616.09,USD,2025-02-06T04:30:00Z,FALSE_POSITIVE,RETAIL,device-025,ip-hash-28,GH,WEB,ANALYST,
550e8400-e29b-41d4-a716-446655440000,b54bb828-5a85-4631-aa87-2afcca3ed571,txn-00468,687.95,GHS,2025-02-06T04:45:00Z,FALSE_POSITIVE,RETAIL,device-024,ip-hash-17,GH,MOBILE,SYSTEM,
550e8400-e29b-41d4-a716-446655440000,b2b850fb-f6cb-4460-ae12-4fe684f63e95,txn-00469,464.5,USD,2025-02-06T05:00:00Z,FALSE_POSITIVE,RETAIL,device-023,ip-hash-25,GH,WEB,ANALYST,
550e8400-e29b-41d4-a716-446655440000,672764d9-f906-418d-8355-4411b62bb366,txn-00470,2417.32,GHS,2025-02-06T05:15:00Z,CONFIRMED_FRAUD,CRYPTO,device-ring-2,ip-hash-37,US,WEB,SYSTEM,
550e8400-e29b-41d4-a716-446655440000,ed613ee6-3273-4968-b47d-c6826b92af82,txn-00471,333.52,GHS,2025-02-06T05:30:00Z,FALSE_POSITIVE,GAMBLING,device-ring-3,ip-hash-36,US,WEB,ANALYST,
550e8400-e29b-41d4-a716-446655440000,c421d45d-6669-4ea1-bb49-f722c87a338b,txn-00472,565.87,USD,2025-02-06T05:45:00Z,FALSE_POSITIVE,GAMBLING,device-018,ip-hash-48,GH,WEB,SYSTEM,
550e8400-e29b-41d4-a716-446655440000,2066ffb4-4a04-4f47-9d1b-26fd98b1c654,txn-00473,2787.55,USD,2025-02-06T06:00:00Z,CONFIRMED_FRAUD,CRYPTO,device-005,ip-hash-11,US,MOBILE,CHARGEBACK,
550e8400-e29b-41d4-a716-446655440000,b11eb531-0bb9-440f-8d8c-e82da713b8f4,txn-00474,4666.38,USD,2025-02-06T06:15:00Z,CONFIRMED_FRAUD,CRYPTO,device-026,ip-hash-17,GH,WEB,CHARGEBACK,
550e8400-e29b-41d4-a716-446655440000,8f679098-4ffb-449c-b0f4-4201be3a7917,txn-00475,2229.47,GHS,2025-02-06T06:30:00Z,CONFIRMED_FRAUD,RETAIL,device-019,ip-hash-46,GH,MOBILE,SYSTEM,
550e8400-e29b-41d4-a716-446655440000,51fd83e6-0dcd-4148-b8ca-e89e6228fcb9,txn-00476,165.36,GHS,2025-02-06T06:45:00Z,FALSE_POSITIVE,RETAIL,device-015,ip-hash-13,GH,MOBILE,SYSTEM,
550e8400-e29b-41d4-a716-446655440000,2066ffb4-4a04-4f47-9d1b-26fd98b1c654,txn-00477,290.99,USD,2025-02-06T07:00:00Z,FALSE_POSITIVE,RETAIL,device-005,ip-hash-18,US,WEB,SYSTEM,
550e8400-e29b-41d4-a716-446655440000,ed613ee6-3273-4968-b47d-c6826b92af82,txn-00478,164.25,USD,2025-02-06T07:15:00Z,FALSE_POSITIVE,RETAIL,device-012,ip-hash-36,US,WEB,ANALYST,
550e8400-e29b-41d4-a716-446655440000,b11eb531-0bb9-440f-8d8c-e82da713b8f4,txn-00479,487.06,GHS,2025-02-06T07:30:00Z,FALSE_POSITIVE,RETAIL,device-026,ip-hash-37,GH,WEB,CHARGEBACK,
550e8400-e29b-41d4-a716-446655440000,f1021207-3ee3-4991-a9a5-b445314c8cf8,txn-00480,449.11,USD,2025-02-06T07:45:00Z,FALSE_POSITIVE,RETAIL,device-ring-3,ip-hash-33,US,WEB,SYSTEM,
550e8400-e29b-41d4-a716-446655440000,902657c4-3bca-452c-8262-226b94e10e9e,txn-00481,452.72,GHS,2025-02-06T08:00:00Z,CONFIRMED_LEGIT,GAMBLING,device-014,ip-hash-44,US,MOBILE,ANALYST,
550e8400-e29b-41d4-a716-446655440000,bbbe5d39-7538-42df-a2fa-7f8c90d764ac,txn-00482,309.23,USD,2025-02-06T08:15:00Z,FALSE_POSITIVE,GAMBLING,device-ring-1,ip-hash-21,US,WEB,SYSTEM,
550e8400-e29b-41d4-a716-446655440000,6e493456-d626-4f6d-a7de-a740c24925c5,txn-00483,4244.8,GHS,2025-02-06T08:30:00Z,CONFIRMED_FRAUD,GAMBLING,device-ring-3,ip-hash-5,GH,WEB,ANALYST,
550e8400-e29b-41d4-a716-446655440000,672764d9-f906-418d-8355-4411b62bb366,txn-00484,3081.71,USD,2025-02-06T08:45:00Z,CONFIRMED_FRAUD,GAMBLING,device-011,ip-hash-32,GH,MOBILE,SYSTEM,
550e8400-e29b-41d4-a716-446655440000,23b30481-729a-4437-aebf-5d1d3f93a401,txn-00485,169.39,GHS,2025-02-06T09:00:00Z,FALSE_POSITIVE,RETAIL,device-ring-2,ip-hash-10,GH,MOBILE,CHARGEBACK,
550e8400-e29b-41d4-a716-446655440000,f90397b5-4e55-4b66-ab13-b3b4a34e6e59,txn-00486,396.67,USD,2025-02-06T09:15:00Z,CONFIRMED_LEGIT,RETAIL,device-021,ip-hash-31,US,WEB,ANALYST,
550e8400-e29b-41d4-a716-446655440000,8ef0b6c7-a300-4d6c-8ba7-2af34390ed9a,txn-00487,718.11,GHS,2025-02-06T09:30:00Z,CONFIRMED_LEGIT,CRYPTO,device-028,ip-hash-12,US,WEB,CHARGEBACK,
550e8400-e29b-41d4-a716-446655440000,b54bb828-5a85-4631-aa87-2afcca3ed571,txn-00488,48.05,GHS,2025-02-06T09:45:00Z,FALSE_POSITIVE,GAMBLING,device-024,ip-hash-35,GH,WEB,ANALYST,
550e8400-e29b-41d4-a716-446655440000,94563568-b3bd-4d66-8f06-de0b49bffece,txn-00489,143.97,GHS,2025-02-06T10:00:00Z,FALSE_POSITIVE,CRYPTO,device-027,ip-hash-21,GH,MOBILE,SYSTEM,
550e8400-e29b-41d4-a716-446655440000,2f54dd7c-efcb-4c4e-ae1a-10a699c012e0,txn-00490,85.09,USD,2025-02-06T10:15:00Z,FALSE_POSITIVE,RETAIL,device-006,ip-hash-36,US,MOBILE,ANALYST,
550e8400-e29b-41d4-a716-446655440000,51fd83e6-0dcd-4148-b8ca-e89e6228fcb9,txn-00491,277.76,GHS,2025-02-06T10:30:00Z,CONFIRMED_LEGIT,RETAIL,device-ring-3,ip-hash-45,US,WEB,ANALYST,
550e8400-e29b-41d4-a716-446655440000,756ca5e1-dfef-4fc4-bb44-f5c3ba321b45,txn-00492,459.27,USD,2025-02-06T10:45:00Z,FALSE_POSITIVE,CRYPTO,device-008,ip-hash-47,US,MOBILE,SYSTEM,
550e8400-e29b-41d4-a716-446655440000,f1021207-3ee3-4991-a9a5-b445314c8cf8,txn-00493,160.87,GHS,2025-02-06T11:00:00Z,FALSE_POSITIVE,GAMBLING,device-013,ip-hash-1,GH,WEB,ANALYST,
550e8400-e29b-41d4-a716-446655440000,3627a528-417e-442d-83a1-6b12ce78d7d6,txn-00494,680.26,GHS,2025-02-06T11:15:00Z,CONFIRMED_LEGIT,RETAIL,device-004,ip-hash-20,US,MOBILE,ANALYST,
550e8400-e29b-41d4-a716-446655440000,bbbe5d39-7538-42df-a2fa-7f8c90d764ac,txn-00495,52.73,USD,2025-02-06T11:30:00Z,FALSE_POSITIVE,GAMBLING,device-ring-1,ip-hash-29,US,WEB,ANALYST,
550e8400-e29b-41d4-a716-446655440000,672764d9-f906-418d-8355-4411b62bb366,txn-00496,745.82,USD,2025-02-06T11:45:00Z,FALSE_POSITIVE,RETAIL,device-ring-2,ip-hash-23,GH,MOBILE,ANALYST,
550e8400-e29b-41d4-a716-446655440000,672764d9-f906-418d-8355-4411b62bb366,txn-00497,410.8,USD,2025-02-06T12:00:00Z,FALSE_POSITIVE,GAMBLING,device-ring-2,ip-hash-25,US,WEB,SYSTEM,
550e8400-e29b-41d4-a716-446655440000,3627a528-417e-442d-83a1-6b12ce78d7d6,txn-00498,514.26,GHS,2025-02-06T12:15:00Z,FALSE_POSITIVE,CRYPTO,device-ring-1,ip-hash-5,GH,MOBILE,ANALYST,
550e8400-e29b-41d4-a716-446655440000,23b30481-729a-4437-aebf-5d1d3f93a401,txn-00499,524.15,GHS,2025-02-06T12:30:00Z,FALSE_POSITIVE,GAMBLING,device-007,ip-hash-18,US,WEB,SYSTEM,
550e8400-e29b-41d4-a716-446655440000,c421d45d-6669-4ea1-bb49-f722c87a338b,txn-00500,362.98,USD,2025-02-06T12:45:00Z,FALSE_POSITIVE,RETAIL,device-018,ip-hash-9,GH,WEB,SYSTEM,
550e8400-e29b-41d4-a716-446655440000,a33b91e6-00ad-4603-9e76-8b6cab0821f8,txn-00501,172.4,USD,2025-02-06T13:00:00Z,FALSE_POSITIVE,RETAIL,device-022,ip-hash-5,US,MOBILE,CHARGEBACK,
550e8400-e29b-41d4-a716-446655440000,b54bb828-5a85-4631-aa87-2afcca3ed571,txn-00502,613.17,GHS,2025-02-06T13:15:00Z,FALSE_POSITIVE,RETAIL,device-024,ip-hash-40,GH,MOBILE,SYSTEM,
550e8400-e29b-41d4-a716-446655440000,4bc27d8e-f470-4046-8e38-9697c3da1c15,txn-00503,250.95,GHS,2025-02-06T13:30:00Z,FALSE_POSITIVE,RETAIL,device-029,ip-hash-29,GH,MOBILE,SYSTEM,
550e8400-e29b-41d4-a716-446655440000,b11eb531-0bb9-440f-8d8c-e82da713b8f4,txn-00504,658.2,GHS,2025-02-06T13:45:00Z,CONFIRMED_FRAUD,GAMBLING,device-026,ip-hash-31,US,WEB,SYSTEM,
550e8400-e29b-41d4-a716-446655440000,902657c4-3bca-452c-8262-226b94e10e9e,txn-00505,4768.19,GHS,2025-02-06T14:00:00Z,CONFIRMED_FRAUD,CRYPTO,device-ring-3,ip-hash-41,US,WEB,ANALYST,
550e8400-e29b-41d4-a716-446655440000,51fd83e6-0dcd-4148-b8ca-e89e6228fcb9,txn-00506,644.74,GHS,2025-02-06T14:15:00Z,FALSE_POSITIVE,RETAIL,device-ring-3,ip-hash-10,US,MOBILE,CHARGEBACK,
550e8400-e29b-41d4-a716-446655440000,8f65bd74-bc20-4675-a4cd-90f08ef7e140,txn-00507,679.12,USD,2025-02-06T14:30:00Z,FALSE_POSITIVE,RETAIL,device-ring-3,ip-hash-45,US,WEB,ANALYST,
550e8400-e29b-41d4-a716-446655440000,2a0b3109-3786-4553-9828-c8fdab778163,txn-00508,639.38,GHS,2025-02-06T14:45:00Z,FALSE_POSITIVE,RETAIL,device-000,ip-hash-13,US,WEB,ANALYST,
550e8400-e29b-41d4-a716-446655440000,23b30481-729a-4437-aebf-5d1d3f93a401,txn-00509,3817.03,GHS,2025-02-06T15:00:00Z,CONFIRMED_FRAUD,GAMBLING,device-ring-2,ip-hash-6,US,MOBILE,SYSTEM,
550e8400-e29b-41d4-a716-446655440000,b54bb828-5a85-4631-aa87-2afcca3ed571,txn-00510,492.51,GHS,2025-02-06T15:15:00Z,FALSE_POSITIVE,RETAIL,device-024,ip-hash-19,US,WEB,CHARGEBACK,
550e8400-e29b-41d4-a716-446655440000,94563568-b3bd-4d66-8f06-de0b49bffece,txn-00511,1114.81,GHS,2025-02-06T15:30:00Z,CONFIRMED_FRAUD,GAMBLING,device-027,ip-hash-40,US,WEB,SYSTEM,
550e8400-e29b-41d4-a716-446655440000,8f679098-4ffb-449c-b0f4-4201be3a7917,txn-00512,259.91,USD,2025-02-06T15:45:00Z,FALSE_POSITIVE,RETAIL,device-019,ip-hash-12,GH,WEB,ANALYST,
550e8400-e29b-41d4-a716-446655440000,3627a528-417e-442d-83a1-6b12ce78d7d6,txn-00513,583.05,GHS,2025-02-06T16:00:00Z,FALSE_POSITIVE,RETAIL,device-ring-1,ip-hash-14,US,WEB,ANALYST,
550e8400-e29b-41d4-a716-446655440000,15ef858e-69ab-4933-8b5a-3197feda26bc,txn-00514,798.38,USD,2025-02-06T16:15:00Z,FALSE_POSITIVE,RETAIL,device-025,ip-hash-22,GH,MOBILE,CHARGEBACK,
550e8400-e29b-41d4-a716-446655440000,756ca5e1-dfef-4fc4-bb44-f5c3ba321b45,txn-00515,61.75,GHS,2025-02-06T16:30:00Z,FALSE_POSITIVE,RETAIL,device-ring-2,ip-hash-25,GH,MOBILE,SYSTEM,
550e8400-e29b-41d4-a716-446655440000,23b30481-729a-4437-aebf-5d1d3f93a401,txn-00516,780.1,USD,2025-02-06T16:45:00Z,FALSE_POSITIVE,RETAIL,device-007,ip-hash-30,GH,MOBILE,ANALYST,
550e8400-e29b-41d4-a716-446655440000,ed613ee6-3273-4968-b47d-c6826b92af82,txn-00517,253.13,USD,2025-02-06T17:00:00Z,FALSE_POSITIVE,RETAIL,device-012,ip-hash-48,GH,WEB,ANALYST,
550e8400-e29b-41d4-a716-446655440000,f9298b91-a55e-43e8-88f5-3313ff3dc09e,txn-00518,291.54,USD,2025-02-06T17:15:00Z,FALSE_POSITIVE,RETAIL,device-020,ip-hash-8,GH,WEB,ANALYST,
550e8400-e29b-41d4-a716-446655440000,2a0b3109-3786-4553-9828-c8fdab778163,txn-00519,1742.45,USD,2025-02-06T17:30:00Z,CONFIRMED_FRAUD,GAMBLING,device-000,ip-hash-3,US,MOBILE,ANALYST,
550e8400-e29b-41d4-a716-446655440000,b54bb828-5a85-4631-aa87-2afcca3ed571,txn-00520,1209.64,GHS,2025-02-06T17:45:00Z,CONFIRMED_FRAUD,GAMBLING,device-024,ip-hash-49,GH,MOBILE,ANALYST,
550e8400-e29b-41d4-a716-446655440000,f9298b91-a55e-43e8-88f5-3313ff3dc09e,txn-00521,2913.59,GHS,2025-02-06T18:00:00Z,CONFIRMED_FRAUD,GAMBLING,device-020,ip-hash-15,US,WEB,ANALYST,
550e8400-e29b-41d4-a716-446655440000,b2b850fb-f6cb-4460-ae12-4fe684f63e95,txn-00522,3601.62,USD,2025-02-06T18:15:00Z,CONFIRMED_FRAUD,GAMBLING,device-023,ip-hash-17,GH,WEB,SYSTEM,
550e8400-e29b-41d4-a716-446655440000,902657c4-3bca-452c-8262-226b94e10e9e,txn-00523,436.47,GHS,2025-02-06T18:30:00Z,FALSE_POSITIVE,RETAIL,device-ring-3,ip-hash-21,US,WEB,SYSTEM,
550e8400-e29b-41d4-a716-446655440000,4bc27d8e-f470-4046-8e38-9697c3da1c15,txn-00524,132.47,GHS,2025-02-06T18:45:00Z,FALSE_POSITIVE,RETAIL,device-029,ip-hash-19,US,WEB,ANALYST,
550e8400-e29b-41d4-a716-446655440000,2a0b3109-3786-4553-9828-c8fdab778163,txn-00525,407.24,GHS,2025-02-06T19:00:00Z,FALSE_POSITIVE,GAMBLING,device-000,ip-hash-50,GH,WEB,SYSTEM,
550e8400-e29b-41d4-a716-446655440000,ce648f5d-46be-444d-864b-1f53fb863fe7,txn-00526,433.47,GHS,2025-02-06T19:15:00Z,FALSE_POSITIVE,RETAIL,device-ring-1,ip-hash-50,GH,WEB,ANALYST,
550e8400-e29b-41d4-a716-446655440000,f1021207-3ee3-4991-a9a5-b445314c8cf8,txn-00527,92.82,USD,2025-02-06T19:30:00Z,FALSE_POSITIVE,RETAIL,device-ring-3,ip-hash-12,GH,MOBILE,CHARGEBACK,
550e8400-e29b-41d4-a716-446655440000,51fd83e6-0dcd-4148-b8ca-e89e6228fcb9,txn-00528,643.18,GHS,2025-02-06T19:45:00Z,CONFIRMED_FRAUD,CRYPTO,device-ring-3,ip-hash-34,US,MOBILE,ANALYST,
550e8400-e29b-41d4-a716-446655440000,23b30481-729a-4437-aebf-5d1d3f93a401,txn-00529,61.34,GHS,2025-02-06T20:00:00Z,FALSE_POSITIVE,CRYPTO,device-ring-2,ip-hash-6,US,MOBILE,ANALYST,
550e8400-e29b-41d4-a716-446655440000,6e493456-d626-4f6d-a7de-a740c24925c5,txn-00530,712.89,USD,2025-02-06T20:15:00Z,FALSE_POSITIVE,GAMBLING,device-017,ip-hash-40,US,MOBILE,SYSTEM,
550e8400-e29b-41d4-a716-446655440000,ce648f5d-46be-444d-864b-1f53fb863fe7,txn-00531,66.96,USD,2025-02-06T20:30:00Z,FALSE_POSITIVE,RETAIL,device-ring-1,ip-hash-47,GH,WEB,CHARGEBACK,
550e8400-e29b-41d4-a716-446655440000,2f54dd7c-efcb-4c4e-ae1a-10a699c012e0,txn-00532,202.77,GHS,2025-02-06T20:45:00Z,FALSE_POSITIVE,RETAIL,device-ring-2,ip-hash-48,GH,WEB,SYSTEM,
550e8400-e29b-41d4-a716-446655440000,902657c4-3bca-452c-8262-226b94e10e9e,txn-00533,344.52,GHS,2025-02-06T21:00:00Z,FALSE_POSITIVE,RETAIL,device-014,ip-hash-33,US,MOBILE,SYSTEM,
550e8400-e29b-41d4-a716-446655440000,8f679098-4ffb-449c-b0f4-4201be3a7917,txn-00534,285.1,GHS,2025-02-06T21:15:00Z,FALSE_POSITIVE,RETAIL,device-019,ip-hash-24,US,WEB,SYSTEM,
550e8400-e29b-41d4-a716-446655440000,53b8e0f1-36d4-45ed-893f-544d81b563c8,txn-00535,452.7,GHS,2025-02-06T21:30:00Z,FALSE_POSITIVE,RETAIL,device-010,ip-hash-24,US,WEB,ANALYST,
550e8400-e29b-41d4-a716-446655440000,2a0b3109-3786-4553-9828-c8fdab778163,txn-00536,786.45,GHS,2025-02-06T21:45:00Z,FALSE_POSITIVE,RETAIL,device-ring-1,ip-hash-1,US,MOBILE,CHARGEBACK,
550e8400-e29b-41d4-a716-446655440000,94563568-b3bd-4d66-8f06-de0b49bffece,txn-00537,618.36,GHS,2025-02-06T22:00:00Z,FALSE_POSITIVE,CRYPTO,device-027,ip-hash-36,GH,MOBILE,CHARGEBACK,
550e8400-e29b-41d4-a716-446655440000,902657c4-3bca-452c-8262-226b94e10e9e,txn-00538,115.03,USD,2025-02-06T22:15:00Z,FALSE_POSITIVE,RETAIL,device-ring-3,ip-hash-17,US,MOBILE,SYSTEM,
550e8400-e29b-41d4-a716-446655440000,ed613ee6-3273-4968-b47d-c6826b92af82,txn-00539,177.86,GHS,2025-02-06T22:30:00Z,FALSE_POSITIVE,RETAIL,device-ring-3,ip-hash-12,US,MOBILE,SYSTEM,
550e8400-e29b-41d4-a716-446655440000,f9298b91-a55e-43e8-88f5-3313ff3dc09e,txn-00540,585.98,USD,2025-02-06T22:45:00Z,FALSE_POSITIVE,RETAIL,device-020,ip-hash-50,GH,WEB,ANALYST,
550e8400-e29b-41d4-a716-446655440000,8ef0b6c7-a300-4d6c-8ba7-2af34390ed9a,txn-00541,336.13,USD,2025-02-06T23:00:00Z,FALSE_POSITIVE,CRYPTO,device-028,ip-hash-48,GH,WEB,CHARGEBACK,
550e8400-e29b-41d4-a716-446655440000,35fcf2ba-996e-4d28-810b-def28871df3a,txn-00542,258.86,USD,2025-02-06T23:15:00Z,FALSE_POSITIVE,RETAIL,device-ring-2,ip-hash-10,GH,WEB,ANALYST,
550e8400-e29b-41d4-a716-446655440000,b54bb828-5a85-4631-aa87-2afcca3ed571,txn-00543,406.26,GHS,2025-02-06T23:30:00Z,FALSE_POSITIVE,RETAIL,device-024,ip-hash-26,GH,MOBILE,ANALYST,
550e8400-e29b-41d4-a716-446655440000,ce648f5d-46be-444d-864b-1f53fb863fe7,txn-00544,597.53,GHS,2025-02-06T23:45:00Z,FALSE_POSITIVE,RETAIL,device-ring-1,ip-hash-33,US,MOBILE,CHARGEBACK,
550e8400-e29b-41d4-a716-446655440000,51fd83e6-0dcd-4148-b8ca-e89e6228fcb9,txn-00545,392.85,USD,2025-02-07T00:00:00Z,FALSE_POSITIVE,RETAIL,device-ring-3,ip-hash-16,GH,WEB,ANALYST,
550e8400-e29b-41d4-a716-446655440000,53b8e0f1-36d4-45ed-893f-544d81b563c8,txn-00546,462.93,GHS,2025-02-07T00:15:00Z,FALSE_POSITIVE,RETAIL,device-ring-2,ip-hash-23,GH,WEB,ANALYST,
550e8400-e29b-41d4-a716-446655440000,8f679098-4ffb-449c-b0f4-4201be3a7917,txn-00547,616.9,GHS,2025-02-07T00:30:00Z,FALSE_POSITIVE,RETAIL,device-019,ip-hash-40,US,MOBILE,ANALYST,
550e8400-e29b-41d4-a716-446655440000,9f82f1a6-0744-42d9-998e-f835517a03b5,txn-00548,190.62,USD,2025-02-07T00:45:00Z,CONFIRMED_LEGIT,RETAIL,device-ring-1,ip-hash-8,GH,MOBILE,SYSTEM,
550e8400-e29b-41d4-a716-446655440000,4bc27d8e-f470-4046-8e38-9697c3da1c15,txn-00549,4246.0,GHS,2025-02-07T01:00:00Z,CONFIRMED_FRAUD,GAMBLING,device-029,ip-hash-45,GH,WEB,ANALYST,
550e8400-e29b-41d4-a716-446655440000,51fd83e6-0dcd-4148-b8ca-e89e6228fcb9,txn-00550,1440.54,GHS,2025-02-07T01:15:00Z,CONFIRMED_FRAUD,CRYPTO,device-ring-3,ip-hash-36,US,MOBILE,SYSTEM,
550e8400-e29b-41d4-a716-446655440000,a33b91e6-00ad-4603-9e76-8b6cab0821f8,txn-00551,304.4,USD,2025-02-07T01:30:00Z,FALSE_POSITIVE,CRYPTO,device-022,ip-hash-17,GH,MOBILE,ANALYST,
550e8400-e29b-41d4-a716-446655440000,2f54dd7c-efcb-4c4e-ae1a-10a699c012e0,txn-00552,496.28,USD,2025-02-07T01:45:00Z,FALSE_POSITIVE,RETAIL,device-006,ip-hash-5,US,WEB,SYSTEM,
550e8400-e29b-41d4-a716-446655440000,94563568-b3bd-4d66-8f06-de0b49bffece,txn-00553,291.37,GHS,2025-02-07T02:00:00Z,CONFIRMED_LEGIT,RETAIL,device-027,ip-hash-42,US,MOBILE,ANALYST,
550e8400-e29b-41d4-a716-446655440000,8f65bd74-bc20-4675-a4cd-90f08ef7e140,txn-00554,84.18,USD,2025-02-07T02:15:00Z,CONFIRMED_LEGIT,RETAIL,device-016,ip-hash-12,GH,WEB,SYSTEM,
550e8400-e29b-41d4-a716-446655440000,4bc27d8e-f470-4046-8e38-9697c3da1c15,txn-00555,36.6,GHS,2025-02-07T02:30:00Z,FALSE_POSITIVE,CRYPTO,device-029,ip-hash-22,US,WEB,SYSTEM,
550e8400-e29b-41d4-a716-446655440000,2066ffb4-4a04-4f47-9d1b-26fd98b1c654,txn-00556,3579.4,GHS,2025-02-07T02:45:00Z,CONFIRMED_FRAUD,GAMBLING,device-ring-1,ip-hash-4,US,WEB,CHARGEBACK,
550e8400-e29b-41d4-a716-446655440000,6e493456-d626-4f6d-a7de-a740c24925c5,txn-00557,184.34,USD,2025-02-07T03:00:00Z,CONFIRMED_LEGIT,RETAIL,device-ring-3,ip-hash-6,US,MOBILE,ANALYST,
550e8400-e29b-41d4-a716-446655440000,23b30481-729a-4437-aebf-5d1d3f93a401,txn-00558,344.04,GHS,2025-02-07T03:15:00Z,FALSE_POSITIVE,RETAIL,device-007,ip-hash-35,GH,MOBILE,SYSTEM,
550e8400-e29b-41d4-a716-446655440000,3627a528-417e-442d-83a1-6b12ce78d7d6,txn-00559,548.82,USD,2025-02-07T03:30:00Z,FALSE_POSITIVE,RETAIL,device-ring-1,ip-hash-28,GH,MOBILE,ANALYST,
550e8400-e29b-41d4-a716-446655440000,ce648f5d-46be-444d-864b-1f53fb863fe7,txn-00560,759.14,USD,2025-02-07T03:45:00Z,FALSE_POSITIVE,RETAIL,device-ring-1,ip-hash-47,GH,WEB,ANALYST,
550e8400-e29b-41d4-a716-446655440000,f1021207-3ee3-4991-a9a5-b445314c8cf8,txn-00561,597.76,GHS,2025-02-07T04:00:00Z,FALSE_POSITIVE,GAMBLING,device-013,ip-hash-10,GH,MOBILE,CHARGEBACK,
550e8400-e29b-41d4-a716-446655440000,2066ffb4-4a04-4f47-9d1b-26fd98b1c654,txn-00562,4936.8,USD,2025-02-07T04:15:00Z,CONFIRMED_FRAUD,CRYPTO,device-005,ip-hash-39,GH,MOBILE,SYSTEM,
550e8400-e29b-41d4-a716-446655440000,2a0b3109-3786-4553-9828-c8fdab778163,txn-00563,552.07,GHS,2025-02-07T04:30:00Z,FALSE_POSITIVE,RETAIL,device-ring-1,ip-hash-46,US,MOBILE,ANALYST,
550e8400-e29b-41d4-a716-446655440000,51fd83e6-0dcd-4148-b8ca-e89e6228fcb9,txn-00564,135.21,USD,2025-02-07T04:45:00Z,FALSE_POSITIVE,RETAIL,device-ring-3,ip-hash-18,US,MOBILE,SYSTEM,
550e8400-e29b-41d4-a716-446655440000,f90397b5-4e55-4b66-ab13-b3b4a34e6e59,txn-00565,607.43,GHS,2025-02-07T05:00:00Z,CONFIRMED_LEGIT,RETAIL,device-021,ip-hash-40,US,WEB,ANALYST,
550e8400-e29b-41d4-a716-446655440000,8ef0b6c7-a300-4d6c-8ba7-2af34390ed9a,txn-00566,326.87,GHS,2025-02-07T05:15:00Z,FALSE_POSITIVE,RETAIL,device-028,ip-hash-47,US,WEB,SYSTEM,
550e8400-e29b-41d4-a716-446655440000,b2b850fb-f6cb-4460-ae12-4fe684f63e95,txn-00567,431.25,USD,2025-02-07T05:30:00Z,FALSE_POSITIVE,RETAIL,device-023,ip-hash-34,GH,WEB,ANALYST,
550e8400-e29b-41d4-a716-446655440000,b11eb531-0bb9-440f-8d8c-e82da713b8f4,txn-00568,702.84,GHS,2025-02-07T05:45:00Z,FALSE_POSITIVE,RETAIL,device-026,ip-hash-48,GH,WEB,SYSTEM,
550e8400-e29b-41d4-a716-446655440000,b54bb828-5a85-4631-aa87-2afcca3ed571,txn-00569,44.19,GHS,2025-02-07T06:00:00Z,FALSE_POSITIVE,RETAIL,device-024,ip-hash-20,US,WEB,CHARGEBACK,
550e8400-e29b-41d4-a716-446655440000,f1021207-3ee3-4991-a9a5-b445314c8cf8,txn-00570,735.63,GHS,2025-02-07T06:15:00Z,FALSE_POSITIVE,RETAIL,device-013,ip-hash-42,US,MOBILE,SYSTEM,
550e8400-e29b-41d4-a716-446655440000,8f65bd74-bc20-4675-a4cd-90f08ef7e140,txn-00571,4004.29,USD,2025-02-07T06:30:00Z,CONFIRMED_FRAUD,RETAIL,device-016,ip-hash-26,US,WEB,ANALYST,
550e8400-e29b-41d4-a716-446655440000,2a0b3109-3786-4553-9828-c8fdab778163,txn-00572,3156.42,GHS,2025-02-07T06:45:00Z,CONFIRMED_FRAUD,CRYPTO,device-ring-1,ip-hash-6,US,WEB,SYSTEM,
550e8400-e29b-41d4-a716-446655440000,f9298b91-a55e-43e8-88f5-3313ff3dc09e,txn-00573,638.21,USD,2025-02-07T07:00:00Z,CONFIRMED_LEGIT,GAMBLING,device-020,ip-hash-6,GH,WEB,SYSTEM,
550e8400-e29b-41d4-a716-446655440000,672764d9-f906-418d-8355-4411b62bb366,txn-00574,3682.76,USD,2025-02-07T07:15:00Z,CONFIRMED_FRAUD,CRYPTO,device-011,ip-hash-25,US,MOBILE,CHARGEBACK,
550e8400-e29b-41d4-a716-446655440000,4bc27d8e-f470-4046-8e38-9697c3da1c15,txn-00575,697.69,USD,2025-02-07T07:30:00Z,FALSE_POSITIVE,CRYPTO,device-029,ip-hash-10,GH,MOBILE,ANALYST,
550e8400-e29b-41d4-a716-446655440000,35fcf2ba-996e-4d28-810b-def28871df3a,txn-00576,616.06,USD,2025-02-07T07:45:00Z,FALSE_POSITIVE,RETAIL,device-009,ip-hash-9,GH,MOBILE,SYSTEM,
550e8400-e29b-41d4-a716-446655440000,b54bb828-5a85-4631-aa87-2afcca3ed571,txn-00577,369.62,USD,2025-02-07T08:00:00Z,FALSE_POSITIVE,CRYPTO,device-024,ip-hash-39,US,MOBILE,CHARGEBACK,
550e8400-e29b-41d4-a716-446655440000,c421d45d-6669-4ea1-bb49-f722c87a338b,txn-00578,365.72,USD,2025-02-07T08:15:00Z,FALSE_POSITIVE,RETAIL,device-018,ip-hash-16,US,MOBILE,CHARGEBACK,
550e8400-e29b-41d4-a716-446655440000,2066ffb4-4a04-4f47-9d1b-26fd98b1c654,txn-00579,3439.75,GHS,2025-02-07T08:30:00Z,CONFIRMED_FRAUD,GAMBLING,device-005,ip-hash-22,GH,MOBILE,CHARGEBACK,
550e8400-e29b-41d4-a716-446655440000,f1021207-3ee3-4991-a9a5-b445314c8cf8,txn-00580,133.26,USD,2025-02-07T08:45:00Z,CONFIRMED_LEGIT,RETAIL,device-013,ip-hash-30,US,MOBILE,CHARGEBACK,
550e8400-e29b-41d4-a716-446655440000,b54bb828-5a85-4631-aa87-2afcca3ed571,txn-00581,298.01,USD,2025-02-07T09:00:00Z,FALSE_POSITIVE,RETAIL,device-024,ip-hash-49,US,MOBILE,ANALYST,
550e8400-e29b-41d4-a716-446655440000,51fd83e6-0dcd-4148-b8ca-e89e6228fcb9,txn-00582,3625.79,USD,2025-02-07T09:15:00Z,CONFIRMED_FRAUD,GAMBLING,device-ring-3,ip-hash-45,GH,MOBILE,CHARGEBACK,
550e8400-e29b-41d4-a716-446655440000,c421d45d-6669-4ea1-bb49-f722c87a338b,txn-00583,505.04,GHS,2025-02-07T09:30:00Z,FALSE_POSITIVE,CRYPTO,device-018,ip-hash-47,US,WEB,SYSTEM,
550e8400-e29b-41d4-a716-446655440000,94563568-b3bd-4d66-8f06-de0b49bffece,txn-00584,422.69,GHS,2025-02-07T09:45:00Z,FALSE_POSITIVE,CRYPTO,device-027,ip-hash-9,US,WEB,ANALYST,
550e8400-e29b-41d4-a716-446655440000,15ef858e-69ab-4933-8b5a-3197feda26bc,txn-00585,3242.33,USD,2025-02-07T10:00:00Z,CONFIRMED_FRAUD,CRYPTO,device-025,ip-hash-1,GH,MOBILE,ANALYST,
550e8400-e29b-41d4-a716-446655440000,f9298b91-a55e-43e8-88f5-3313ff3dc09e,txn-00586,591.29,GHS,2025-02-07T10:15:00Z,FALSE_POSITIVE,RETAIL,device-020,ip-hash-27,GH,WEB,ANALYST,
550e8400-e29b-41d4-a716-446655440000,6e493456-d626-4f6d-a7de-a740c24925c5,txn-00587,173.81,GHS,2025-02-07T10:30:00Z,FALSE_POSITIVE,RETAIL,device-017,ip-hash-5,US,WEB,SYSTEM,
550e8400-e29b-41d4-a716-446655440000,6e493456-d626-4f6d-a7de-a740c24925c5,txn-00588,9.87,USD,2025-02-07T10:45:00Z,FALSE_POSITIVE,RETAIL,device-ring-3,ip-hash-12,GH,WEB,ANALYST,
550e8400-e29b-41d4-a716-446655440000,4bc27d8e-f470-4046-8e38-9697c3da1c15,txn-00589,733.35,USD,2025-02-07T11:00:00Z,FALSE_POSITIVE,GAMBLING,device-029,ip-hash-31,GH,WEB,SYSTEM,
550e8400-e29b-41d4-a716-446655440000,8ef0b6c7-a300-4d6c-8ba7-2af34390ed9a,txn-00590,628.27,USD,2025-02-07T11:15:00Z,FALSE_POSITIVE,RETAIL,device-028,ip-hash-34,US,WEB,SYSTEM,
550e8400-e29b-41d4-a716-446655440000,6e493456-d626-4f6d-a7de-a740c24925c5,txn-00591,3098.29,GHS,2025-02-07T11:30:00Z,CONFIRMED_FRAUD,GAMBLING,device-017,ip-hash-5,GH,WEB,CHARGEBACK,
550e8400-e29b-41d4-a716-446655440000,53b8e0f1-36d4-45ed-893f-544d81b563c8,txn-00592,503.08,GHS,2025-02-07T11:45:00Z,CONFIRMED_LEGIT,GAMBLING,device-ring-2,ip-hash-12,GH,WEB,SYSTEM,
550e8400-e29b-41d4-a716-446655440000,94563568-b3bd-4d66-8f06-de0b49bffece,txn-00593,30.14,GHS,2025-02-07T12:00:00Z,FALSE_POSITIVE,RETAIL,device-027,ip-hash-16,US,WEB,ANALYST,
550e8400-e29b-41d4-a716-446655440000,2f54dd7c-efcb-4c4e-ae1a-10a699c012e0,txn-00594,144.14,USD,2025-02-07T12:15:00Z,FALSE_POSITIVE,RETAIL,device-ring-2,ip-hash-6,US,MOBILE,ANALYST,
550e8400-e29b-41d4-a716-446655440000,8ef0b6c7-a300-4d6c-8ba7-2af34390ed9a,txn-00595,156.22,GHS,2025-02-07T12:30:00Z,FALSE_POSITIVE,CRYPTO,device-028,ip-hash-50,US,MOBILE,CHARGEBACK,
550e8400-e29b-41d4-a716-446655440000,b11eb531-0bb9-440f-8d8c-e82da713b8f4,txn-00596,415.34,USD,2025-02-07T12:45:00Z,CONFIRMED_LEGIT,CRYPTO,device-026,ip-hash-47,GH,WEB,ANALYST,
550e8400-e29b-41d4-a716-446655440000,a33b91e6-00ad-4603-9e76-8b6cab0821f8,txn-00597,97.09,USD,2025-02-07T13:00:00Z,FALSE_POSITIVE,RETAIL,device-022,ip-hash-44,GH,WEB,ANALYST,
550e8400-e29b-41d4-a716-446655440000,8ef0b6c7-a300-4d6c-8ba7-2af34390ed9a,txn-00598,2842.6,GHS,2025-02-07T13:15:00Z,CONFIRMED_FRAUD,CRYPTO,device-028,ip-hash-2,US,MOBILE,ANALYST,
550e8400-e29b-41d4-a716-446655440000,2f54dd7c-efcb-4c4e-ae1a-10a699c012e0,txn-00599,1744.92,USD,2025-02-07T13:30:00Z,CONFIRMED_FRAUD,GAMBLING,device-ring-2,ip-hash-18,GH,MOBILE,ANALYST,
550e8400-e29b-41d4-a716-446655440000,bbbe5d39-7538-42df-a2fa-7f8c90d764ac,txn-00600,3303.25,GHS,2025-02-07T13:45:00Z,CONFIRMED_FRAUD,CRYPTO,device-ring-1,ip-hash-36,US,WEB,CHARGEBACK,
550e8400-e29b-41d4-a716-446655440000,a33b91e6-00ad-4603-9e76-8b6cab0821f8,txn-00601,461.4,GHS,2025-02-07T14:00:00Z,FALSE_POSITIVE,RETAIL,device-022,ip-hash-40,US,WEB,CHARGEBACK,
550e8400-e29b-41d4-a716-446655440000,3627a528-417e-442d-83a1-6b12ce78d7d6,txn-00602,4564.82,USD,2025-02-07T14:15:00Z,CONFIRMED_FRAUD,GAMBLING,device-ring-1,ip-hash-28,US,MOBILE,SYSTEM,
550e8400-e29b-41d4-a716-446655440000,8f679098-4ffb-449c-b0f4-4201be3a7917,txn-00603,505.43,GHS,2025-02-07T14:30:00Z,FALSE_POSITIVE,RETAIL,device-019,ip-hash-40,US,WEB,ANALYST,
550e8400-e29b-41d4-a716-446655440000,b11eb531-0bb9-440f-8d8c-e82da713b8f4,txn-00604,3912.81,USD,2025-02-07T14:45:00Z,CONFIRMED_FRAUD,RETAIL,device-026,ip-hash-49,US,MOBILE,CHARGEBACK,
550e8400-e29b-41d4-a716-446655440000,b11eb531-0bb9-440f-8d8c-e82da713b8f4,txn-00605,560.39,GHS,2025-02-07T15:00:00Z,FALSE_POSITIVE,RETAIL,device-026,ip-hash-44,US,WEB,CHARGEBACK,
550e8400-e29b-41d4-a716-446655440000,23b30481-729a-4437-aebf-5d1d3f93a401,txn-00606,4530.65,USD,2025-02-07T15:15:00Z,CONFIRMED_FRAUD,GAMBLING,device-ring-2,ip-hash-45,US,WEB,ANALYST,
550e8400-e29b-41d4-a716-446655440000,51fd83e6-0dcd-4148-b8ca-e89e6228fcb9,txn-00607,2639.0,USD,2025-02-07T15:30:00Z,CONFIRMED_FRAUD,GAMBLING,device-ring-3,ip-hash-19,US,MOBILE,SYSTEM,
550e8400-e29b-41d4-a716-446655440000,bbbe5d39-7538-42df-a2fa-7f8c90d764ac,txn-00608,572.85,USD,2025-02-07T15:45:00Z,FALSE_POSITIVE,RETAIL,device-ring-1,ip-hash-20,US,WEB,SYSTEM,
550e8400-e29b-41d4-a716-446655440000,f1021207-3ee3-4991-a9a5-b445314c8cf8,txn-00609,198.73,USD,2025-02-07T16:00:00Z,FALSE_POSITIVE,RETAIL,device-ring-3,ip-hash-22,GH,WEB,ANALYST,
550e8400-e29b-41d4-a716-446655440000,c421d45d-6669-4ea1-bb49-f722c87a338b,txn-00610,437.9,USD,2025-02-07T16:15:00Z,FALSE_POSITIVE,RETAIL,device-018,ip-hash-48,US,MOBILE,SYSTEM,
550e8400-e29b-41d4-a716-446655440000,8f679098-4ffb-449c-b0f4-4201be3a7917,txn-00611,446.29,USD,2025-02-07T16:30:00Z,FALSE_POSITIVE,GAMBLING,device-019,ip-hash-20,US,MOBILE,SYSTEM,
550e8400-e29b-41d4-a716-446655440000,bbbe5d39-7538-42df-a2fa-7f8c90d764ac,txn-00612,479.14,USD,2025-02-07T16:45:00Z,FALSE_POSITIVE,GAMBLING,device-ring-1,ip-hash-6,GH,MOBILE,SYSTEM,
550e8400-e29b-41d4-a716-446655440000,8ef0b6c7-a300-4d6c-8ba7-2af34390ed9a,txn-00613,648.82,USD,2025-02-07T17:00:00Z,FALSE_POSITIVE,GAMBLING,device-028,ip-hash-29,US,WEB,SYSTEM,
550e8400-e29b-41d4-a716-446655440000,c421d45d-6669-4ea1-bb49-f722c87a338b,txn-00614,168.5,GHS,2025-02-07T17:15:00Z,FALSE_POSITIVE,CRYPTO,device-018,ip-hash-37,US,WEB,SYSTEM,
550e8400-e29b-41d4-a716-446655440000,4bc27d8e-f470-4046-8e38-9697c3da1c15,txn-00615,75.98,GHS,2025-02-07T17:30:00Z,FALSE_POSITIVE,RETAIL,device-029,ip-hash-9,US,MOBILE,ANALYST,
550e8400-e29b-41d4-a716-446655440000,8ef0b6c7-a300-4d6c-8ba7-2af34390ed9a,txn-00616,47.24,GHS,2025-02-07T17:45:00Z,FALSE_POSITIVE,GAMBLING,device-028,ip-hash-8,US,MOBILE,CHARGEBACK,
550e8400-e29b-41d4-a716-446655440000,f1021207-3ee3-4991-a9a5-b445314c8cf8,txn-00617,318.44,GHS,2025-02-07T18:00:00Z,FALSE_POSITIVE,RETAIL,device-ring-3,ip-hash-28,GH,MOBILE,ANALYST,
550e8400-e29b-41d4-a716-446655440000,3627a528-417e-442d-83a1-6b12ce78d7d6,txn-00618,2230.68,USD,2025-02-07T18:15:00Z,CONFIRMED_FRAUD,RETAIL,device-004,ip-hash-19,GH,MOBILE,CHARGEBACK,
550e8400-e29b-41d4-a716-446655440000,ce648f5d-46be-444d-864b-1f53fb863fe7,txn-00619,119.48,USD,2025-02-07T18:30:00Z,FALSE_POSITIVE,CRYPTO,device-002,ip-hash-6,GH,WEB,ANALYST,
550e8400-e29b-41d4-a716-446655440000,8ef0b6c7-a300-4d6c-8ba7-2af34390ed9a,txn-00620,485.52,USD,2025-02-07T18:45:00Z,FALSE_POSITIVE,RETAIL,device-028,ip-hash-30,US,WEB,ANALYST,
550e8400-e29b-41d4-a716-446655440000,672764d9-f906-418d-8355-4411b62bb366,txn-00621,342.69,USD,2025-02-07T19:00:00Z,FALSE_POSITIVE,RETAIL,device-ring-2,ip-hash-46,US,WEB,SYSTEM,
550e8400-e29b-41d4-a716-446655440000,c421d45d-6669-4ea1-bb49-f722c87a338b,txn-00622,782.7,GHS,2025-02-07T19:15:00Z,FALSE_POSITIVE,RETAIL,device-018,ip-hash-8,US,MOBILE,CHARGEBACK,
550e8400-e29b-41d4-a716-446655440000,b2b850fb-f6cb-4460-ae12-4fe684f63e95,txn-00623,786.95,GHS,2025-02-07T19:30:00Z,FALSE_POSITIVE,CRYPTO,device-023,ip-hash-30,GH,MOBILE,CHARGEBACK,
550e8400-e29b-41d4-a716-446655440000,51fd83e6-0dcd-4148-b8ca-e89e6228fcb9,txn-00624,532.67,GHS,2025-02-07T19:45:00Z,FALSE_POSITIVE,RETAIL,device-015,ip-hash-40,GH,WEB,SYSTEM,
550e8400-e29b-41d4-a716-446655440000,b54bb828-5a85-4631-aa87-2afcca3ed571,txn-00625,2543.16,GHS,2025-02-07T20:00:00Z,CONFIRMED_FRAUD,RETAIL,device-024,ip-hash-27,US,WEB,ANALYST,
550e8400-e29b-41d4-a716-446655440000,2066ffb4-4a04-4f47-9d1b-26fd98b1c654,txn-00626,4652.89,GHS,2025-02-07T20:15:00Z,CONFIRMED_FRAUD,CRYPTO,device-005,ip-hash-4,US,MOBILE,SYSTEM,
550e8400-e29b-41d4-a716-446655440000,9f82f1a6-0744-42d9-998e-f835517a03b5,txn-00627,236.94,GHS,2025-02-07T20:30:00Z,FALSE_POSITIVE,GAMBLING,device-ring-1,ip-hash-6,GH,MOBILE,ANALYST,
550e8400-e29b-41d4-a716-446655440000,756ca5e1-dfef-4fc4-bb44-f5c3ba321b45,txn-00628,1764.37,USD,2025-02-07T20:45:00Z,CONFIRMED_FRAUD,RETAIL,device-ring-2,ip-hash-39,GH,MOBILE,SYSTEM,
550e8400-e29b-41d4-a716-446655440000,902657c4-3bca-452c-8262-226b94e10e9e,txn-00629,144.44,USD,2025-02-07T21:00:00Z,FALSE_POSITIVE,GAMBLING,device-ring-3,ip-hash-34,GH,WEB,CHARGEBACK,
550e8400-e29b-41d4-a716-446655440000,3627a528-417e-442d-83a1-6b12ce78d7d6,txn-00630,658.27,GHS,2025-02-07T21:15:00Z,FALSE_POSITIVE,GAMBLING,device-004,ip-hash-50,US,MOBILE,SYSTEM,
550e8400-e29b-41d4-a716-446655440000,902657c4-3bca-452c-8262-226b94e10e9e,txn-00631,137.99,USD,2025-02-07T21:30:00Z,FALSE_POSITIVE,RETAIL,device-014,ip-hash-42,US,MOBILE,CHARGEBACK,
550e8400-e29b-41d4-a716-446655440000,2066ffb4-4a04-4f47-9d1b-26fd98b1c654,txn-00632,383.6,USD,2025-02-07T21:45:00Z,FALSE_POSITIVE,RETAIL,device-005,ip-hash-25,US,WEB,ANALYST,
550e8400-e29b-41d4-a716-446655440000,3627a528-417e-442d-83a1-6b12ce78d7d6,txn-00633,350.61,GHS,2025-02-07T22:00:00Z,FALSE_POSITIVE,RETAIL,device-004,ip-hash-44,US,MOBILE,CHARGEBACK,
550e8400-e29b-41d4-a716-446655440000,4bc27d8e-f470-4046-8e38-9697c3da1c15,txn-00634,286.29,GHS,2025-02-07T22:15:00Z,FALSE_POSITIVE,GAMBLING,device-029,ip-hash-22,US,WEB,CHARGEBACK,
550e8400-e29b-41d4-a716-446655440000,756ca5e1-dfef-4fc4-bb44-f5c3ba321b45,txn-00635,315.97,USD,2025-02-07T22:30:00Z,FALSE_POSITIVE,GAMBLING,device-008,ip-hash-34,US,MOBILE,ANALYST,
550e8400-e29b-41d4-a716-446655440000,6e493456-d626-4f6d-a7de-a740c24925c5,txn-00636,538.14,USD,2025-02-07T22:45:00Z,CONFIRMED_FRAUD,GAMBLING,device-ring-3,ip-hash-44,US,WEB,CHARGEBACK,
550e8400-e29b-41d4-a716-446655440000,b2b850fb-f6cb-4460-ae12-4fe684f63e95,txn-00637,158.5,USD,2025-02-07T23:00:00Z,FALSE_POSITIVE,RETAIL,device-023,ip-hash-4,GH,MOBILE,SYSTEM,
550e8400-e29b-41d4-a716-446655440000,bbbe5d39-7538-42df-a2fa-7f8c90d764ac,txn-00638,3221.09,USD,2025-02-07T23:15:00Z,CONFIRMED_FRAUD,GAMBLING,device-003,ip-hash-8,GH,WEB,ANALYST,
550e8400-e29b-41d4-a716-446655440000,902657c4-3bca-452c-8262-226b94e10e9e,txn-00639,65.19,GHS,2025-02-07T23:30:00Z,FALSE_POSITIVE,RETAIL,device-014,ip-hash-45,US,WEB,CHARGEBACK,
550e8400-e29b-41d4-a716-446655440000,b54bb828-5a85-4631-aa87-2afcca3ed571,txn-00640,3996.98,GHS,2025-02-07T23:45:00Z,CONFIRMED_FRAUD,GAMBLING,device-024,ip-hash-4,US,WEB,CHARGEBACK,
550e8400-e29b-41d4-a716-446655440000,902657c4-3bca-452c-8262-226b94e10e9e,txn-00641,4907.4,GHS,2025-02-08T00:00:00Z,CONFIRMED_FRAUD,GAMBLING,device-ring-3,ip-hash-7,GH,WEB,CHARGEBACK,
550e8400-e29b-41d4-a716-446655440000,8f679098-4ffb-449c-b0f4-4201be3a7917,txn-00642,730.52,USD,2025-02-08T00:15:00Z,FALSE_POSITIVE,GAMBLING,device-019,ip-hash-3,GH,MOBILE,SYSTEM,
550e8400-e29b-41d4-a716-446655440000,b2b850fb-f6cb-4460-ae12-4fe684f63e95,txn-00643,359.48,USD,2025-02-08T00:30:00Z,FALSE_POSITIVE,CRYPTO,device-023,ip-hash-42,GH,MOBILE,SYSTEM,
550e8400-e29b-41d4-a716-446655440000,ed613ee6-3273-4968-b47d-c6826b92af82,txn-00644,561.54,GHS,2025-02-08T00:45:00Z,FALSE_POSITIVE,CRYPTO,device-ring-3,ip-hash-31,US,WEB,SYSTEM,
550e8400-e29b-41d4-a716-446655440000,b54bb828-5a85-4631-aa87-2afcca3ed571,txn-00645,60.73,GHS,2025-02-08T01:00:00Z,FALSE_POSITIVE,RETAIL,device-024,ip-hash-45,US,MOBILE,SYSTEM,
550e8400-e29b-41d4-a716-446655440000,6e493456-d626-4f6d-a7de-a740c24925c5,txn-00646,290.34,USD,2025-02-08T01:15:00Z,CONFIRMED_LEGIT,RETAIL,device-ring-3,ip-hash-24,US,MOBILE,ANALYST,
550e8400-e29b-41d4-a716-446655440000,b54bb828-5a85-4631-aa87-2afcca3ed571,txn-00647,520.0,USD,2025-02-08T01:30:00Z,FALSE_POSITIVE,RETAIL,device-024,ip-hash-25,GH,WEB,SYSTEM,
550e8400-e29b-41d4-a716-446655440000,ed613ee6-3273-4968-b47d-c6826b92af82,txn-00648,506.34,GHS,2025-02-08T01:45:00Z,FALSE_POSITIVE,RETAIL,device-ring-3,ip-hash-48,GH,MOBILE,CHARGEBACK,
550e8400-e29b-41d4-a716-446655440000,2f54dd7c-efcb-4c4e-ae1a-10a699c012e0,txn-00649,4983.73,GHS,2025-02-08T02:00:00Z,CONFIRMED_FRAUD,GAMBLING,device-ring-2,ip-hash-32,US,MOBILE,CHARGEBACK,
550e8400-e29b-41d4-a716-446655440000,53b8e0f1-36d4-45ed-893f-544d81b563c8,txn-00650,4045.0,GHS,2025-02-08T02:15:00Z,CONFIRMED_FRAUD,GAMBLING,device-ring-2,ip-hash-44,GH,MOBILE,CHARGEBACK,
550e8400-e29b-41d4-a716-446655440000,9f82f1a6-0744-42d9-998e-f835517a03b5,txn-00651,393.67,USD,2025-02-08T02:30:00Z,FALSE_POSITIVE,RETAIL,device-001,ip-hash-16,GH,MOBILE,CHARGEBACK,
550e8400-e29b-41d4-a716-446655440000,f9298b91-a55e-43e8-88f5-3313ff3dc09e,txn-00652,1883.02,GHS,2025-02-08T02:45:00Z,CONFIRMED_FRAUD,CRYPTO,device-020,ip-hash-40,GH,MOBILE,CHARGEBACK,
550e8400-e29b-41d4-a716-446655440000,bbbe5d39-7538-42df-a2fa-7f8c90d764ac,txn-00653,640.34,GHS,2025-02-08T03:00:00Z,FALSE_POSITIVE,RETAIL,device-003,ip-hash-22,US,WEB,CHARGEBACK,
550e8400-e29b-41d4-a716-446655440000,f90397b5-4e55-4b66-ab13-b3b4a34e6e59,txn-00654,114.18,USD,2025-02-08T03:15:00Z,FALSE_POSITIVE,GAMBLING,device-021,ip-hash-49,GH,MOBILE,ANALYST,
550e8400-e29b-41d4-a716-446655440000,ce648f5d-46be-444d-864b-1f53fb863fe7,txn-00655,1135.57,USD,2025-02-08T03:30:00Z,CONFIRMED_FRAUD,CRYPTO,device-002,ip-hash-29,GH,MOBILE,CHARGEBACK,
550e8400-e29b-41d4-a716-446655440000,bbbe5d39-7538-42df-a2fa-7f8c90d764ac,txn-00656,507.59,GHS,2025-02-08T03:45:00Z,FALSE_POSITIVE,RETAIL,device-ring-1,ip-hash-6,GH,MOBILE,CHARGEBACK,
550e8400-e29b-41d4-a716-446655440000,4bc27d8e-f470-4046-8e38-9697c3da1c15,txn-00657,3432.9,GHS,2025-02-08T04:00:00Z,CONFIRMED_FRAUD,RETAIL,device-029,ip-hash-45,US,MOBILE,CHARGEBACK,
550e8400-e29b-41d4-a716-446655440000,3627a528-417e-442d-83a1-6b12ce78d7d6,txn-00658,420.85,USD,2025-02-08T04:15:00Z,FALSE_POSITIVE,RETAIL,device-004,ip-hash-39,GH,WEB,SYSTEM,
550e8400-e29b-41d4-a716-446655440000,ce648f5d-46be-444d-864b-1f53fb863fe7,txn-00659,627.15,USD,2025-02-08T04:30:00Z,FALSE_POSITIVE,RETAIL,device-ring-1,ip-hash-13,GH,MOBILE,SYSTEM,
550e8400-e29b-41d4-a716-446655440000,672764d9-f906-418d-8355-4411b62bb366,txn-00660,789.49,USD,2025-02-08T04:45:00Z,FALSE_POSITIVE,RETAIL,device-ring-2,ip-hash-18,GH,MOBILE,CHARGEBACK,
550e8400-e29b-41d4-a716-446655440000,15ef858e-69ab-4933-8b5a-3197feda26bc,txn-00661,4297.02,GHS,2025-02-08T05:00:00Z,CONFIRMED_FRAUD,RETAIL,device-025,ip-hash-12,GH,MOBILE,CHARGEBACK,
550e8400-e29b-41d4-a716-446655440000,f9298b91-a55e-43e8-88f5-3313ff3dc09e,txn-00662,171.62,GHS,2025-02-08T05:15:00Z,FALSE_POSITIVE,RETAIL,device-020,ip-hash-3,GH,MOBILE,SYSTEM,
550e8400-e29b-41d4-a716-446655440000,2066ffb4-4a04-4f47-9d1b-26fd98b1c654,txn-00663,630.79,USD,2025-02-08T05:30:00Z,CONFIRMED_FRAUD,CRYPTO,device-ring-1,ip-hash-47,US,WEB,ANALYST,
550e8400-e29b-41d4-a716-446655440000,2f54dd7c-efcb-4c4e-ae1a-10a699c012e0,txn-00664,719.21,USD,2025-02-08T05:45:00Z,FALSE_POSITIVE,RETAIL,device-ring-2,ip-hash-7,GH,WEB,CHARGEBACK,
550e8400-e29b-41d4-a716-446655440000,ed613ee6-3273-4968-b47d-c6826b92af82,txn-00665,63.46,GHS,2025-02-08T06:00:00Z,FALSE_POSITIVE,RETAIL,device-ring-3,ip-hash-10,GH,WEB,CHARGEBACK,
550e8400-e29b-41d4-a716-446655440000,ed613ee6-3273-4968-b47d-c6826b92af82,txn-00666,368.9,GHS,2025-02-08T06:15:00Z,FALSE_POSITIVE,RETAIL,device-ring-3,ip-hash-13,US,MOBILE,CHARGEBACK,
550e8400-e29b-41d4-a716-446655440000,a33b91e6-00ad-4603-9e76-8b6cab0821f8,txn-00667,228.08,GHS,2025-02-08T06:30:00Z,FALSE_POSITIVE,RETAIL,device-022,ip-hash-30,US,MOBILE,ANALYST,
550e8400-e29b-41d4-a716-446655440000,23b30481-729a-4437-aebf-5d1d3f93a401,txn-00668,484.89,USD,2025-02-08T06:45:00Z,FALSE_POSITIVE,GAMBLING,device-007,ip-hash-37,GH,MOBILE,ANALYST,
550e8400-e29b-41d4-a716-446655440000,94563568-b3bd-4d66-8f06-de0b49bffece,txn-00669,690.45,GHS,2025-02-08T07:00:00Z,FALSE_POSITIVE,RETAIL,device-027,ip-hash-30,US,MOBILE,SYSTEM,
550e8400-e29b-41d4-a716-446655440000,f1021207-3ee3-4991-a9a5-b445314c8cf8,txn-00670,201.09,USD,2025-02-08T07:15:00Z,FALSE_POSITIVE,RETAIL,device-ring-3,ip-hash-37,GH,WEB,CHARGEBACK,
550e8400-e29b-41d4-a716-446655440000,9f82f1a6-0744-42d9-998e-f835517a03b5,txn-00671,588.11,GHS,2025-02-08T07:30:00Z,CONFIRMED_LEGIT,RETAIL,device-ring-1,ip-hash-31,GH,WEB,ANALYST,
550e8400-e29b-41d4-a716-446655440000,23b30481-729a-4437-aebf-5d1d3f93a401,txn-00672,3888.85,USD,2025-02-08T07:45:00Z,CONFIRMED_FRAUD,CRYPTO,device-ring-2,ip-hash-9,US,WEB,CHARGEBACK,
550e8400-e29b-41d4-a716-446655440000,f9298b91-a55e-43e8-88f5-3313ff3dc09e,txn-00673,17.66,USD,2025-02-08T08:00:00Z,CONFIRMED_LEGIT,RETAIL,device-020,ip-hash-46,US,MOBILE,ANALYST,
550e8400-e29b-41d4-a716-446655440000,902657c4-3bca-452c-8262-226b94e10e9e,txn-00674,699.99,GHS,2025-02-08T08:15:00Z,FALSE_POSITIVE,RETAIL,device-014,ip-hash-41,US,MOBILE,SYSTEM,
550e8400-e29b-41d4-a716-446655440000,ce648f5d-46be-444d-864b-1f53fb863fe7,txn-00675,554.15,GHS,2025-02-08T08:30:00Z,FALSE_POSITIVE,RETAIL,device-ring-1,ip-hash-45,GH,MOBILE,SYSTEM,
550e8400-e29b-41d4-a716-446655440000,8ef0b6c7-a300-4d6c-8ba7-2af34390ed9a,txn-00676,746.13,GHS,2025-02-08T08:45:00Z,FALSE_POSITIVE,RETAIL,device-028,ip-hash-4,GH,WEB,ANALYST,
550e8400-e29b-41d4-a716-446655440000,902657c4-3bca-452c-8262-226b94e10e9e,txn-00677,295.63,USD,2025-02-08T09:00:00Z,FALSE_POSITIVE,RETAIL,device-ring-3,ip-hash-36,GH,MOBILE,ANALYST,
550e8400-e29b-41d4-a716-446655440000,23b30481-729a-4437-aebf-5d1d3f93a401,txn-00678,520.99,USD,2025-02-08T09:15:00Z,FALSE_POSITIVE,GAMBLING,device-007,ip-hash-49,GH,WEB,ANALYST,
550e8400-e29b-41d4-a716-446655440000,8ef0b6c7-a300-4d6c-8ba7-2af34390ed9a,txn-00679,545.78,USD,2025-02-08T09:30:00Z,FALSE_POSITIVE,RETAIL,device-028,ip-hash-24,US,WEB,ANALYST,
550e8400-e29b-41d4-a716-446655440000,8f65bd74-bc20-4675-a4cd-90f08ef7e140,txn-00680,102.55,GHS,2025-02-08T09:45:00Z,FALSE_POSITIVE,GAMBLING,device-016,ip-hash-29,US,MOBILE,CHARGEBACK,
550e8400-e29b-41d4-a716-446655440000,8ef0b6c7-a300-4d6c-8ba7-2af34390ed9a,txn-00681,74.41,USD,2025-02-08T10:00:00Z,FALSE_POSITIVE,RETAIL,device-028,ip-hash-19,GH,MOBILE,CHARGEBACK,
550e8400-e29b-41d4-a716-446655440000,756ca5e1-dfef-4fc4-bb44-f5c3ba321b45,txn-00682,1165.79,USD,2025-02-08T10:15:00Z,CONFIRMED_FRAUD,GAMBLING,device-ring-2,ip-hash-19,US,MOBILE,ANALYST,
550e8400-e29b-41d4-a716-446655440000,672764d9-f906-418d-8355-4411b62bb366,txn-00683,591.48,USD,2025-02-08T10:30:00Z,FALSE_POSITIVE,RETAIL,device-ring-2,ip-hash-15,US,WEB,SYSTEM,
550e8400-e29b-41d4-a716-446655440000,53b8e0f1-36d4-45ed-893f-544d81b563c8,txn-00684,630.53,GHS,2025-02-08T10:45:00Z,FALSE_POSITIVE,RETAIL,device-010,ip-hash-30,US,MOBILE,ANALYST,
550e8400-e29b-41d4-a716-446655440000,2066ffb4-4a04-4f47-9d1b-26fd98b1c654,txn-00685,185.29,USD,2025-02-08T11:00:00Z,FALSE_POSITIVE,RETAIL,device-ring-1,ip-hash-10,US,WEB,ANALYST,
550e8400-e29b-41d4-a716-446655440000,2066ffb4-4a04-4f47-9d1b-26fd98b1c654,txn-00686,132.83,USD,2025-02-08T11:15:00Z,FALSE_POSITIVE,RETAIL,device-ring-1,ip-hash-46,GH,MOBILE,CHARGEBACK,
550e8400-e29b-41d4-a716-446655440000,bbbe5d39-7538-42df-a2fa-7f8c90d764ac,txn-00687,1924.82,USD,2025-02-08T11:30:00Z,CONFIRMED_FRAUD,GAMBLING,device-ring-1,ip-hash-14,GH,WEB,ANALYST,
550e8400-e29b-41d4-a716-446655440000,3627a528-417e-442d-83a1-6b12ce78d7d6,txn-00688,434.19,USD,2025-02-08T11:45:00Z,FALSE_POSITIVE,RETAIL,device-ring-1,ip-hash-26,US,MOBILE,ANALYST,
550e8400-e29b-41d4-a716-446655440000,4bc27d8e-f470-4046-8e38-9697c3da1c15,txn-00689,8.41,GHS,2025-02-08T12:00:00Z,FALSE_POSITIVE,GAMBLING,device-029,ip-hash-42,US,WEB,ANALYST,
550e8400-e29b-41d4-a716-446655440000,b54bb828-5a85-4631-aa87-2afcca3ed571,txn-00690,461.11,GHS,2025-02-08T12:15:00Z,CONFIRMED_LEGIT,RETAIL,device-024,ip-hash-22,GH,WEB,CHARGEBACK,
550e8400-e29b-41d4-a716-446655440000,3627a528-417e-442d-83a1-6b12ce78d7d6,txn-00691,97.92,USD,2025-02-08T12:30:00Z,FALSE_POSITIVE,RETAIL,device-004,ip-hash-29,US,MOBILE,ANALYST,
550e8400-e29b-41d4-a716-446655440000,9f82f1a6-0744-42d9-998e-f835517a03b5,txn-00692,160.14,GHS,2025-02-08T12:45:00Z,FALSE_POSITIVE,RETAIL,device-001,ip-hash-13,GH,MOBILE,SYSTEM,
550e8400-e29b-41d4-a716-446655440000,94563568-b3bd-4d66-8f06-de0b49bffece,txn-00693,538.89,GHS,2025-02-08T13:00:00Z,FALSE_POSITIVE,RETAIL,device-027,ip-hash-13,US,WEB,SYSTEM,
550e8400-e29b-41d4-a716-446655440000,8f679098-4ffb-449c-b0f4-4201be3a7917,txn-00694,49.56,GHS,2025-02-08T13:15:00Z,FALSE_POSITIVE,RETAIL,device-019,ip-hash-10,US,WEB,ANALYST,
550e8400-e29b-41d4-a716-446655440000,672764d9-f906-418d-8355-4411b62bb366,txn-00695,2052.14,USD,2025-02-08T13:30:00Z,CONFIRMED_FRAUD,GAMBLING,device-ring-2,ip-hash-14,US,WEB,ANALYST,
550e8400-e29b-41d4-a716-446655440000,35fcf2ba-996e-4d28-810b-def28871df3a,txn-00696,3776.0,GHS,2025-02-08T13:45:00Z,CONFIRMED_FRAUD,RETAIL,device-009,ip-hash-9,GH,MOBILE,CHARGEBACK,
550e8400-e29b-41d4-a716-446655440000,35fcf2ba-996e-4d28-810b-def28871df3a,txn-00697,694.68,GHS,2025-02-08T14:00:00Z,FALSE_POSITIVE,CRYPTO,device-ring-2,ip-hash-6,GH,WEB,SYSTEM,
550e8400-e29b-41d4-a716-446655440000,4bc27d8e-f470-4046-8e38-9697c3da1c15,txn-00698,144.04,USD,2025-02-08T14:15:00Z,FALSE_POSITIVE,RETAIL,device-029,ip-hash-13,GH,WEB,ANALYST,
550e8400-e29b-41d4-a716-446655440000,6e493456-d626-4f6d-a7de-a740c24925c5,txn-00699,659.13,GHS,2025-02-08T14:30:00Z,FALSE_POSITIVE,RETAIL,device-ring-3,ip-hash-36,US,MOBILE,CHARGEBACK,
550e8400-e29b-41d4-a716-446655440000,15ef858e-69ab-4933-8b5a-3197feda26bc,txn-00700,1682.05,GHS,2025-02-08T14:45:00Z,CONFIRMED_FRAUD,RETAIL,device-025,ip-hash-8,US,WEB,CHARGEBACK,
550e8400-e29b-41d4-a716-446655440000,51fd83e6-0dcd-4148-b8ca-e89e6228fcb9,txn-00701,517.6,GHS,2025-02-08T15:00:00Z,CONFIRMED_LEGIT,RETAIL,device-015,ip-hash-5,US,WEB,SYSTEM,
550e8400-e29b-41d4-a716-446655440000,f1021207-3ee3-4991-a9a5-b445314c8cf8,txn-00702,504.26,USD,2025-02-08T15:15:00Z,FALSE_POSITIVE,RETAIL,device-013,ip-hash-24,GH,WEB,CHARGEBACK,
550e8400-e29b-41d4-a716-446655440000,c421d45d-6669-4ea1-bb49-f722c87a338b,txn-00703,1938.57,USD,2025-02-08T15:30:00Z,CONFIRMED_FRAUD,RETAIL,device-018,ip-hash-23,GH,MOBILE,ANALYST,
550e8400-e29b-41d4-a716-446655440000,672764d9-f906-418d-8355-4411b62bb366,txn-00704,730.12,USD,2025-02-08T15:45:00Z,FALSE_POSITIVE,RETAIL,device-ring-2,ip-hash-33,GH,MOBILE,CHARGEBACK,
550e8400-e29b-41d4-a716-446655440000,8f679098-4ffb-449c-b0f4-4201be3a7917,txn-00705,437.25,GHS,2025-02-08T16:00:00Z,FALSE_POSITIVE,CRYPTO,device-019,ip-hash-18,US,MOBILE,SYSTEM,
550e8400-e29b-41d4-a716-446655440000,c421d45d-6669-4ea1-bb49-f722c87a338b,txn-00706,119.26,GHS,2025-02-08T16:15:00Z,FALSE_POSITIVE,RETAIL,device-018,ip-hash-24,US,WEB,ANALYST,
550e8400-e29b-41d4-a716-446655440000,4bc27d8e-f470-4046-8e38-9697c3da1c15,txn-00707,86.42,USD,2025-02-08T16:30:00Z,CONFIRMED_LEGIT,RETAIL,device-029,ip-hash-13,GH,WEB,ANALYST,
550e8400-e29b-41d4-a716-446655440000,4bc27d8e-f470-4046-8e38-9697c3da1c15,txn-00708,4184.8,GHS,2025-02-08T16:45:00Z,CONFIRMED_FRAUD,RETAIL,device-029,ip-hash-23,US,WEB,CHARGEBACK,
550e8400-e29b-41d4-a716-446655440000,b11eb531-0bb9-440f-8d8c-e82da713b8f4,txn-00709,790.13,GHS,2025-02-08T17:00:00Z,FALSE_POSITIVE,RETAIL,device-026,ip-hash-12,US,MOBILE,SYSTEM,
550e8400-e29b-41d4-a716-446655440000,b11eb531-0bb9-440f-8d8c-e82da713b8f4,txn-00710,1079.22,USD,2025-02-08T17:15:00Z,CONFIRMED_FRAUD,CRYPTO,device-026,ip-hash-20,GH,MOBILE,CHARGEBACK,
550e8400-e29b-41d4-a716-446655440000,ce648f5d-46be-444d-864b-1f53fb863fe7,txn-00711,611.6,GHS,2025-02-08T17:30:00Z,FALSE_POSITIVE,RETAIL,device-ring-1,ip-hash-49,US,MOBILE,CHARGEBACK,
550e8400-e29b-41d4-a716-446655440000,bbbe5d39-7538-42df-a2fa-7f8c90d764ac,txn-00712,3469.05,GHS,2025-02-08T17:45:00Z,CONFIRMED_FRAUD,CRYPTO,device-ring-1,ip-hash-3,GH,WEB,SYSTEM,
550e8400-e29b-41d4-a716-446655440000,2a0b3109-3786-4553-9828-c8fdab778163,txn-00713,626.98,USD,2025-02-08T18:00:00Z,FALSE_POSITIVE,CRYPTO,device-ring-1,ip-hash-12,US,MOBILE,CHARGEBACK,
550e8400-e29b-41d4-a716-446655440000,3627a528-417e-442d-83a1-6b12ce78d7d6,txn-00714,753.77,USD,2025-02-08T18:15:00Z,FALSE_POSITIVE,CRYPTO,device-ring-1,ip-hash-33,GH,MOBILE,CHARGEBACK,
550e8400-e29b-41d4-a716-446655440000,b11eb531-0bb9-440f-8d8c-e82da713b8f4,txn-00715,16.12,USD,2025-02-08T18:30:00Z,FALSE_POSITIVE,RETAIL,device-026,ip-hash-19,GH,MOBILE,SYSTEM,
550e8400-e29b-41d4-a716-446655440000,bbbe5d39-7538-42df-a2fa-7f8c90d764ac,txn-00716,736.78,USD,2025-02-08T18:45:00Z,CONFIRMED_LEGIT,CRYPTO,device-ring-1,ip-hash-29,GH,MOBILE,ANALYST,
550e8400-e29b-41d4-a716-446655440000,ed613ee6-3273-4968-b47d-c6826b92af82,txn-00717,413.83,GHS,2025-02-08T19:00:00Z,FALSE_POSITIVE,RETAIL,device-012,ip-hash-8,US,MOBILE,SYSTEM,
550e8400-e29b-41d4-a716-446655440000,3627a528-417e-442d-83a1-6b12ce78d7d6,txn-00718,292.19,USD,2025-02-08T19:15:00Z,FALSE_POSITIVE,RETAIL,device-004,ip-hash-21,US,MOBILE,ANALYST,
550e8400-e29b-41d4-a716-446655440000,35fcf2ba-996e-4d28-810b-def28871df3a,txn-00719,590.26,USD,2025-02-08T19:30:00Z,FALSE_POSITIVE,RETAIL,device-009,ip-hash-36,US,WEB,ANALYST,
550e8400-e29b-41d4-a716-446655440000,2f54dd7c-efcb-4c4e-ae1a-10a699c012e0,txn-00720,716.33,GHS,2025-02-08T19:45:00Z,FALSE_POSITIVE,GAMBLING,device-006,ip-hash-12,GH,WEB,SYSTEM,
550e8400-e29b-41d4-a716-446655440000,bbbe5d39-7538-42df-a2fa-7f8c90d764ac,txn-00721,420.52,GHS,2025-02-08T20:00:00Z,FALSE_POSITIVE,RETAIL,device-ring-1,ip-hash-26,GH,MOBILE,CHARGEBACK,
550e8400-e29b-41d4-a716-446655440000,672764d9-f906-418d-8355-4411b62bb366,txn-00722,274.21,USD,2025-02-08T20:15:00Z,CONFIRMED_LEGIT,RETAIL,device-011,ip-hash-15,US,WEB,ANALYST,
550e8400-e29b-41d4-a716-446655440000,b54bb828-5a85-4631-aa87-2afcca3ed571,txn-00723,467.63,GHS,2025-02-08T20:30:00Z,FALSE_POSITIVE,RETAIL,device-024,ip-hash-23,US,WEB,ANALYST,
550e8400-e29b-41d4-a716-446655440000,8f65bd74-bc20-4675-a4cd-90f08ef7e140,txn-00724,615.56,GHS,2025-02-08T20:45:00Z,FALSE_POSITIVE,RETAIL,device-ring-3,ip-hash-15,GH,MOBILE,CHARGEBACK,
550e8400-e29b-41d4-a716-446655440000,b2b850fb-f6cb-4460-ae12-4fe684f63e95,txn-00725,807.03,USD,2025-02-08T21:00:00Z,CONFIRMED_FRAUD,CRYPTO,device-023,ip-hash-25,US,MOBILE,ANALYST,
550e8400-e29b-41d4-a716-446655440000,8f679098-4ffb-449c-b0f4-4201be3a7917,txn-00726,609.34,GHS,2025-02-08T21:15:00Z,FALSE_POSITIVE,RETAIL,device-019,ip-hash-30,GH,WEB,SYSTEM,
550e8400-e29b-41d4-a716-446655440000,51fd83e6-0dcd-4148-b8ca-e89e6228fcb9,txn-00727,213.02,USD,2025-02-08T21:30:00Z,FALSE_POSITIVE,RETAIL,device-015,ip-hash-49,GH,WEB,CHARGEBACK,
550e8400-e29b-41d4-a716-446655440000,ed613ee6-3273-4968-b47d-c6826b92af82,txn-00728,683.04,USD,2025-02-08T21:45:00Z,FALSE_POSITIVE,RETAIL,device-ring-3,ip-hash-36,US,MOBILE,ANALYST,
550e8400-e29b-41d4-a716-446655440000,f1021207-3ee3-4991-a9a5-b445314c8cf8,txn-00729,3720.75,GHS,2025-02-08T22:00:00Z,CONFIRMED_FRAUD,CRYPTO,device-ring-3,ip-hash-43,US,WEB,SYSTEM,
550e8400-e29b-41d4-a716-446655440000,94563568-b3bd-4d66-8f06-de0b49bffece,txn-00730,750.82,GHS,2025-02-08T22:15:00Z,CONFIRMED_FRAUD,GAMBLING,device-027,ip-hash-40,US,WEB,ANALYST,
550e8400-e29b-41d4-a716-446655440000,9f82f1a6-0744-42d9-998e-f835517a03b5,txn-00731,703.03,USD,2025-02-08T22:30:00Z,CONFIRMED_FRAUD,RETAIL,device-ring-1,ip-hash-49,US,WEB,CHARGEBACK,
550e8400-e29b-41d4-a716-446655440000,f1021207-3ee3-4991-a9a5-b445314c8cf8,txn-00732,289.11,USD,2025-02-08T22:45:00Z,FALSE_POSITIVE,RETAIL,device-013,ip-hash-16,US,MOBILE,SYSTEM,
550e8400-e29b-41d4-a716-446655440000,ce648f5d-46be-444d-864b-1f53fb863fe7,txn-00733,96.0,USD,2025-02-08T23:00:00Z,FALSE_POSITIVE,RETAIL,device-ring-1,ip-hash-30,US,WEB,ANALYST,
550e8400-e29b-41d4-a716-446655440000,2a0b3109-3786-4553-9828-c8fdab778163,txn-00734,472.45,GHS,2025-02-08T23:15:00Z,FALSE_POSITIVE,CRYPTO,device-ring-1,ip-hash-21,GH,WEB,CHARGEBACK,
550e8400-e29b-41d4-a716-446655440000,a33b91e6-00ad-4603-9e76-8b6cab0821f8,txn-00735,272.09,GHS,2025-02-08T23:30:00Z,FALSE_POSITIVE,RETAIL,device-022,ip-hash-11,US,WEB,ANALYST,
550e8400-e29b-41d4-a716-446655440000,2f54dd7c-efcb-4c4e-ae1a-10a699c012e0,txn-00736,678.63,USD,2025-02-08T23:45:00Z,FALSE_POSITIVE,GAMBLING,device-006,ip-hash-19,US,MOBILE,ANALYST,
550e8400-e29b-41d4-a716-446655440000,c421d45d-6669-4ea1-bb49-f722c87a338b,txn-00737,184.58,USD,2025-02-09T00:00:00Z,FALSE_POSITIVE,GAMBLING,device-018,ip-hash-46,GH,WEB,ANALYST,
550e8400-e29b-41d4-a716-446655440000,ce648f5d-46be-444d-864b-1f53fb863fe7,txn-00738,427.2,USD,2025-02-09T00:15:00Z,FALSE_POSITIVE,RETAIL,device-ring-1,ip-hash-42,US,WEB,ANALYST,
550e8400-e29b-41d4-a716-446655440000,f90397b5-4e55-4b66-ab13-b3b4a34e6e59,txn-00739,164.06,GHS,2025-02-09T00:30:00Z,FALSE_POSITIVE,RETAIL,device-021,ip-hash-43,GH,MOBILE,SYSTEM,
550e8400-e29b-41d4-a716-446655440000,a33b91e6-00ad-4603-9e76-8b6cab0821f8,txn-00740,153.3,GHS,2025-02-09T00:45:00Z,FALSE_POSITIVE,RETAIL,device-022,ip-hash-18,US,MOBILE,SYSTEM,
550e8400-e29b-41d4-a716-446655440000,2f54dd7c-efcb-4c4e-ae1a-10a699c012e0,txn-00741,122.46,GHS,2025-02-09T01:00:00Z,FALSE_POSITIVE,RETAIL,device-006,ip-hash-28,US,WEB,CHARGEBACK,
550e8400-e29b-41d4-a716-446655440000,f9298b91-a55e-43e8-88f5-3313ff3dc09e,txn-00742,2355.97,USD,2025-02-09T01:15:00Z,CONFIRMED_FRAUD,RETAIL,device-020,ip-hash-17,GH,WEB,CHARGEBACK,
550e8400-e29b-41d4-a716-446655440000,bbbe5d39-7538-42df-a2fa-7f8c90d764ac,txn-00743,624.67,GHS,2025-02-09T01:30:00Z,CONFIRMED_FRAUD,CRYPTO,device-ring-1,ip-hash-36,US,WEB,SYSTEM,
550e8400-e29b-41d4-a716-446655440000,8ef0b6c7-a300-4d6c-8ba7-2af34390ed9a,txn-00744,1217.11,GHS,2025-02-09T01:45:00Z,CONFIRMED_FRAUD,GAMBLING,device-028,ip-hash-18,GH,MOBILE,SYSTEM,
550e8400-e29b-41d4-a716-446655440000,51fd83e6-0dcd-4148-b8ca-e89e6228fcb9,txn-00745,48.99,GHS,2025-02-09T02:00:00Z,FALSE_POSITIVE,CRYPTO,device-ring-3,ip-hash-5,US,WEB,SYSTEM,
550e8400-e29b-41d4-a716-446655440000,f90397b5-4e55-4b66-ab13-b3b4a34e6e59,txn-00746,320.53,USD,2025-02-09T02:15:00Z,FALSE_POSITIVE,GAMBLING,device-021,ip-hash-16,GH,MOBILE,SYSTEM,
550e8400-e29b-41d4-a716-446655440000,f90397b5-4e55-4b66-ab13-b3b4a34e6e59,txn-00747,759.99,GHS,2025-02-09T02:30:00Z,FALSE_POSITIVE,CRYPTO,device-021,ip-hash-32,GH,MOBILE,SYSTEM,
550e8400-e29b-41d4-a716-446655440000,bbbe5d39-7538-42df-a2fa-7f8c90d764ac,txn-00748,254.16,USD,2025-02-09T02:45:00Z,FALSE_POSITIVE,GAMBLING,device-003,ip-hash-28,GH,MOBILE,CHARGEBACK,
550e8400-e29b-41d4-a716-446655440000,2066ffb4-4a04-4f47-9d1b-26fd98b1c654,txn-00749,1735.46,USD,2025-02-09T03:00:00Z,CONFIRMED_FRAUD,CRYPTO,device-005,ip-hash-32,US,MOBILE,ANALYST,
550e8400-e29b-41d4-a716-446655440000,6e493456-d626-4f6d-a7de-a740c24925c5,txn-00750,547.78,USD,2025-02-09T03:15:00Z,FALSE_POSITIVE,CRYPTO,device-017,ip-hash-24,US,WEB,ANALYST,
550e8400-e29b-41d4-a716-446655440000,2a0b3109-3786-4553-9828-c8fdab778163,txn-00751,724.66,USD,2025-02-09T03:30:00Z,FALSE_POSITIVE,RETAIL,device-000,ip-hash-45,GH,WEB,SYSTEM,
550e8400-e29b-41d4-a716-446655440000,ed613ee6-3273-4968-b47d-c6826b92af82,txn-00752,766.99,USD,2025-02-09T03:45:00Z,FALSE_POSITIVE,RETAIL,device-012,ip-hash-35,GH,WEB,ANALYST,
550e8400-e29b-41d4-a716-446655440000,2a0b3109-3786-4553-9828-c8fdab778163,txn-00753,317.42,USD,2025-02-09T04:00:00Z,CONFIRMED_LEGIT,CRYPTO,device-ring-1,ip-hash-49,GH,WEB,CHARGEBACK,
550e8400-e29b-41d4-a716-446655440000,94563568-b3bd-4d66-8f06-de0b49bffece,txn-00754,733.13,GHS,2025-02-09T04:15:00Z,FALSE_POSITIVE,RETAIL,device-027,ip-hash-3,US,MOBILE,ANALYST,
550e8400-e29b-41d4-a716-446655440000,51fd83e6-0dcd-4148-b8ca-e89e6228fcb9,txn-00755,741.57,USD,2025-02-09T04:30:00Z,FALSE_POSITIVE,RETAIL,device-ring-3,ip-hash-11,US,MOBILE,ANALYST,
550e8400-e29b-41d4-a716-446655440000,f1021207-3ee3-4991-a9a5-b445314c8cf8,txn-00756,651.68,USD,2025-02-09T04:45:00Z,FALSE_POSITIVE,GAMBLING,device-ring-3,ip-hash-49,GH,MOBILE,SYSTEM,
550e8400-e29b-41d4-a716-446655440000,902657c4-3bca-452c-8262-226b94e10e9e,txn-00757,113.19,GHS,2025-02-09T05:00:00Z,FALSE_POSITIVE,RETAIL,device-014,ip-hash-37,GH,MOBILE,CHARGEBACK,
550e8400-e29b-41d4-a716-446655440000,23b30481-729a-4437-aebf-5d1d3f93a401,txn-00758,775.88,GHS,2025-02-09T05:15:00Z,FALSE_POSITIVE,GAMBLING,device-007,ip-hash-21,US,WEB,SYSTEM,
550e8400-e29b-41d4-a716-446655440000,3627a528-417e-442d-83a1-6b12ce78d7d6,txn-00759,551.54,USD,2025-02-09T05:30:00Z,FALSE_POSITIVE,GAMBLING,device-004,ip-hash-6,US,WEB,CHARGEBACK,
550e8400-e29b-41d4-a716-446655440000,ed613ee6-3273-4968-b47d-c6826b92af82,txn-00760,756.08,USD,2025-02-09T05:45:00Z,FALSE_POSITIVE,CRYPTO,device-ring-3,ip-hash-36,GH,MOBILE,ANALYST,
550e8400-e29b-41d4-a716-446655440000,2f54dd7c-efcb-4c4e-ae1a-10a699c012e0,txn-00761,682.21,GHS,2025-02-09T06:00:00Z,FALSE_POSITIVE,RETAIL,device-006,ip-hash-10,GH,WEB,CHARGEBACK,
550e8400-e29b-41d4-a716-446655440000,c421d45d-6669-4ea1-bb49-f722c87a338b,txn-00762,3733.63,GHS,2025-02-09T06:15:00Z,CONFIRMED_FRAUD,CRYPTO,device-018,ip-hash-44,US,MOBILE,CHARGEBACK,
550e8400-e29b-41d4-a716-446655440000,a33b91e6-00ad-4603-9e76-8b6cab0821f8,txn-00763,4757.24,GHS,2025-02-09T06:30:00Z,CONFIRMED_FRAUD,RETAIL,device-022,ip-hash-19,US,WEB,CHARGEBACK,
550e8400-e29b-41d4-a716-446655440000,f1021207-3ee3-4991-a9a5-b445314c8cf8,txn-00764,482.07,USD,2025-02-09T06:45:00Z,FALSE_POSITIVE,CRYPTO,device-ring-3,ip-hash-27,GH,WEB,CHARGEBACK,
550e8400-e29b-41d4-a716-446655440000,2a0b3109-3786-4553-9828-c8fdab778163,txn-00765,213.13,GHS,2025-02-09T07:00:00Z,FALSE_POSITIVE,RETAIL,device-000,ip-hash-38,US,MOBILE,CHARGEBACK,
550e8400-e29b-41d4-a716-446655440000,51fd83e6-0dcd-4148-b8ca-e89e6228fcb9,txn-00766,1954.61,GHS,2025-02-09T07:15:00Z,CONFIRMED_FRAUD,CRYPTO,device-015,ip-hash-46,US,WEB,CHARGEBACK,
550e8400-e29b-41d4-a716-446655440000,bbbe5d39-7538-42df-a2fa-7f8c90d764ac,txn-00767,46.43,GHS,2025-02-09T07:30:00Z,FALSE_POSITIVE,CRYPTO,device-ring-1,ip-hash-39,GH,MOBILE,ANALYST,
550e8400-e29b-41d4-a716-446655440000,8f65bd74-bc20-4675-a4cd-90f08ef7e140,txn-00768,245.49,USD,2025-02-09T07:45:00Z,FALSE_POSITIVE,RETAIL,device-ring-3,ip-hash-38,GH,WEB,CHARGEBACK,
550e8400-e29b-41d4-a716-446655440000,8f65bd74-bc20-4675-a4cd-90f08ef7e140,txn-00769,274.65,GHS,2025-02-09T08:00:00Z,FALSE_POSITIVE,RETAIL,device-ring-3,ip-hash-10,US,MOBILE,ANALYST,
550e8400-e29b-41d4-a716-446655440000,9f82f1a6-0744-42d9-998e-f835517a03b5,txn-00770,401.87,GHS,2025-02-09T08:15:00Z,CONFIRMED_LEGIT,CRYPTO,device-ring-1,ip-hash-28,US,WEB,SYSTEM,
550e8400-e29b-41d4-a716-446655440000,b11eb531-0bb9-440f-8d8c-e82da713b8f4,txn-00771,214.69,USD,2025-02-09T08:30:00Z,FALSE_POSITIVE,RETAIL,device-026,ip-hash-21,US,MOBILE,SYSTEM,
550e8400-e29b-41d4-a716-446655440000,94563568-b3bd-4d66-8f06-de0b49bffece,txn-00772,511.14,USD,2025-02-09T08:45:00Z,CONFIRMED_LEGIT,RETAIL,device-027,ip-hash-10,GH,MOBILE,CHARGEBACK,
550e8400-e29b-41d4-a716-446655440000,9f82f1a6-0744-42d9-998e-f835517a03b5,txn-00773,135.03,GHS,2025-02-09T09:00:00Z,FALSE_POSITIVE,RETAIL,device-ring-1,ip-hash-3,US,WEB,SYSTEM,
550e8400-e29b-41d4-a716-446655440000,6e493456-d626-4f6d-a7de-a740c24925c5,txn-00774,396.93,USD,2025-02-09T09:15:00Z,FALSE_POSITIVE,GAMBLING,device-017,ip-hash-23,GH,MOBILE,ANALYST,
550e8400-e29b-41d4-a716-446655440000,2066ffb4-4a04-4f47-9d1b-26fd98b1c654,txn-00775,601.2,USD,2025-02-09T09:30:00Z,FALSE_POSITIVE,GAMBLING,device-ring-1,ip-hash-38,GH,MOBILE,ANALYST,
550e8400-e29b-41d4-a716-446655440000,4bc27d8e-f470-4046-8e38-9697c3da1c15,txn-00776,3957.14,GHS,2025-02-09T09:45:00Z,CONFIRMED_FRAUD,CRYPTO,device-029,ip-hash-2,US,MOBILE,ANALYST,
550e8400-e29b-41d4-a716-446655440000,672764d9-f906-418d-8355-4411b62bb366,txn-00777,761.22,USD,2025-02-09T10:00:00Z,FALSE_POSITIVE,GAMBLING,device-ring-2,ip-hash-30,US,WEB,SYSTEM,
550e8400-e29b-41d4-a716-446655440000,756ca5e1-dfef-4fc4-bb44-f5c3ba321b45,txn-00778,9.62,GHS,2025-02-09T10:15:00Z,FALSE_POSITIVE,CRYPTO,device-008,ip-hash-21,GH,MOBILE,CHARGEBACK,
550e8400-e29b-41d4-a716-446655440000,15ef858e-69ab-4933-8b5a-3197feda26bc,txn-00779,261.92,USD,2025-02-09T10:30:00Z,FALSE_POSITIVE,RETAIL,device-025,ip-hash-36,US,MOBILE,ANALYST,
550e8400-e29b-41d4-a716-446655440000,756ca5e1-dfef-4fc4-bb44-f5c3ba321b45,txn-00780,4842.72,USD,2025-02-09T10:45:00Z,CONFIRMED_FRAUD,RETAIL,device-ring-2,ip-hash-11,US,WEB,ANALYST,
550e8400-e29b-41d4-a716-446655440000,f9298b91-a55e-43e8-88f5-3313ff3dc09e,txn-00781,524.98,GHS,2025-02-09T11:00:00Z,FALSE_POSITIVE,RETAIL,device-020,ip-hash-28,US,MOBILE,ANALYST,
550e8400-e29b-41d4-a716-446655440000,f90397b5-4e55-4b66-ab13-b3b4a34e6e59,txn-00782,2153.56,GHS,2025-02-09T11:15:00Z,CONFIRMED_FRAUD,GAMBLING,device-021,ip-hash-25,US,WEB,SYSTEM,
550e8400-e29b-41d4-a716-446655440000,8f679098-4ffb-449c-b0f4-4201be3a7917,txn-00783,606.41,USD,2025-02-09T11:30:00Z,FALSE_POSITIVE,GAMBLING,device-019,ip-hash-28,US,MOBILE,CHARGEBACK,
550e8400-e29b-41d4-a716-446655440000,8f65bd74-bc20-4675-a4cd-90f08ef7e140,txn-00784,373.5,USD,2025-02-09T11:45:00Z,FALSE_POSITIVE,RETAIL,device-016,ip-hash-32,GH,WEB,ANALYST,
550e8400-e29b-41d4-a716-446655440000,f1021207-3ee3-4991-a9a5-b445314c8cf8,txn-00785,4106.95,GHS,2025-02-09T12:00:00Z,CONFIRMED_FRAUD,GAMBLING,device-013,ip-hash-16,US,WEB,SYSTEM,
550e8400-e29b-41d4-a716-446655440000,9f82f1a6-0744-42d9-998e-f835517a03b5,txn-00786,734.26,GHS,2025-02-09T12:15:00Z,FALSE_POSITIVE,RETAIL,device-ring-1,ip-hash-7,US,WEB,ANALYST,
550e8400-e29b-41d4-a716-446655440000,756ca5e1-dfef-4fc4-bb44-f5c3ba321b45,txn-00787,616.07,GHS,2025-02-09T12:30:00Z,FALSE_POSITIVE,RETAIL,device-008,ip-hash-12,GH,WEB,CHARGEBACK,
550e8400-e29b-41d4-a716-446655440000,ce648f5d-46be-444d-864b-1f53fb863fe7,txn-00788,564.98,GHS,2025-02-09T12:45:00Z,FALSE_POSITIVE,RETAIL,device-002,ip-hash-40,US,WEB,CHARGEBACK,
550e8400-e29b-41d4-a716-446655440000,2f54dd7c-efcb-4c4e-ae1a-10a699c012e0,txn-00789,3861.63,USD,2025-02-09T13:00:00Z,CONFIRMED_FRAUD,CRYPTO,device-006,ip-hash-28,GH,MOBILE,ANALYST,
550e8400-e29b-41d4-a716-446655440000,bbbe5d39-7538-42df-a2fa-7f8c90d764ac,txn-00790,3451.1,GHS,2025-02-09T13:15:00Z,CONFIRMED_FRAUD,CRYPTO,device-ring-1,ip-hash-20,US,WEB,ANALYST,
550e8400-e29b-41d4-a716-446655440000,ce648f5d-46be-444d-864b-1f53fb863fe7,txn-00791,562.44,USD,2025-02-09T13:30:00Z,CONFIRMED_FRAUD,GAMBLING,device-ring-1,ip-hash-2,GH,WEB,SYSTEM,
550e8400-e29b-41d4-a716-446655440000,3627a528-417e-442d-83a1-6b12ce78d7d6,txn-00792,351.45,USD,2025-02-09T13:45:00Z,FALSE_POSITIVE,RETAIL,device-004,ip-hash-6,US,WEB,CHARGEBACK,
550e8400-e29b-41d4-a716-446655440000,51fd83e6-0dcd-4148-b8ca-e89e6228fcb9,txn-00793,97.58,GHS,2025-02-09T14:00:00Z,FALSE_POSITIVE,CRYPTO,device-015,ip-hash-32,US,MOBILE,ANALYST,
550e8400-e29b-41d4-a716-446655440000,c421d45d-6669-4ea1-bb49-f722c87a338b,txn-00794,239.39,GHS,2025-02-09T14:15:00Z,FALSE_POSITIVE,GAMBLING,device-018,ip-hash-4,US,MOBILE,CHARGEBACK,
550e8400-e29b-41d4-a716-446655440000,f9298b91-a55e-43e8-88f5-3313ff3dc09e,txn-00795,348.27,GHS,2025-02-09T14:30:00Z,FALSE_POSITIVE,RETAIL,device-020,ip-hash-48,US,MOBILE,ANALYST,
550e8400-e29b-41d4-a716-446655440000,ed613ee6-3273-4968-b47d-c6826b92af82,txn-00796,474.88,GHS,2025-02-09T14:45:00Z,FALSE_POSITIVE,RETAIL,device-012,ip-hash-15,GH,MOBILE,ANALYST,
550e8400-e29b-41d4-a716-446655440000,c421d45d-6669-4ea1-bb49-f722c87a338b,txn-00797,55.49,GHS,2025-02-09T15:00:00Z,FALSE_POSITIVE,CRYPTO,device-018,ip-hash-31,GH,WEB,SYSTEM,
550e8400-e29b-41d4-a716-446655440000,f9298b91-a55e-43e8-88f5-3313ff3dc09e,txn-00798,559.52,GHS,2025-02-09T15:15:00Z,FALSE_POSITIVE,RETAIL,device-020,ip-hash-47,GH,WEB,ANALYST,
550e8400-e29b-41d4-a716-446655440000,902657c4-3bca-452c-8262-226b94e10e9e,txn-00799,179.66,GHS,2025-02-09T15:30:00Z,FALSE_POSITIVE,CRYPTO,device-ring-3,ip-hash-9,US,WEB,ANALYST,
550e8400-e29b-41d4-a716-446655440000,b11eb531-0bb9-440f-8d8c-e82da713b8f4,txn-00800,523.74,GHS,2025-02-09T15:45:00Z,CONFIRMED_LEGIT,RETAIL,device-026,ip-hash-11,GH,WEB,SYSTEM,
550e8400-e29b-41d4-a716-446655440000,b2b850fb-f6cb-4460-ae12-4fe684f63e95,txn-00801,2673.0,USD,2025-02-09T16:00:00Z,CONFIRMED_FRAUD,GAMBLING,device-023,ip-hash-39,US,MOBILE,ANALYST,
550e8400-e29b-41d4-a716-446655440000,51fd83e6-0dcd-4148-b8ca-e89e6228fcb9,txn-00802,171.5,GHS,2025-02-09T16:15:00Z,FALSE_POSITIVE,RETAIL,device-ring-3,ip-hash-23,GH,MOBILE,SYSTEM,
550e8400-e29b-41d4-a716-446655440000,9f82f1a6-0744-42d9-998e-f835517a03b5,txn-00803,273.5,USD,2025-02-09T16:30:00Z,FALSE_POSITIVE,RETAIL,device-ring-1,ip-hash-32,US,WEB,ANALYST,
550e8400-e29b-41d4-a716-446655440000,b54bb828-5a85-4631-aa87-2afcca3ed571,txn-00804,4449.71,USD,2025-02-09T16:45:00Z,CONFIRMED_FRAUD,GAMBLING,device-024,ip-hash-45,GH,MOBILE,ANALYST,
550e8400-e29b-41d4-a716-446655440000,15ef858e-69ab-4933-8b5a-3197feda26bc,txn-00805,674.07,USD,2025-02-09T17:00:00Z,FALSE_POSITIVE,RETAIL,device-025,ip-hash-40,GH,MOBILE,SYSTEM,
550e8400-e29b-41d4-a716-446655440000,bbbe5d39-7538-42df-a2fa-7f8c90d764ac,txn-00806,1031.27,GHS,2025-02-09T17:15:00Z,CONFIRMED_FRAUD,GAMBLING,device-ring-1,ip-hash-46,US,WEB,SYSTEM,
550e8400-e29b-41d4-a716-446655440000,94563568-b3bd-4d66-8f06-de0b49bffece,txn-00807,3411.92,USD,2025-02-09T17:30:00Z,CONFIRMED_FRAUD,GAMBLING,device-027,ip-hash-8,GH,WEB,ANALYST,
550e8400-e29b-41d4-a716-446655440000,b54bb828-5a85-4631-aa87-2afcca3ed571,txn-00808,200.03,GHS,2025-02-09T17:45:00Z,FALSE_POSITIVE,GAMBLING,device-024,ip-hash-19,GH,MOBILE,ANALYST,
550e8400-e29b-41d4-a716-446655440000,672764d9-f906-418d-8355-4411b62bb366,txn-00809,334.93,GHS,2025-02-09T18:00:00Z,FALSE_POSITIVE,RETAIL,device-ring-2,ip-hash-15,GH,WEB,ANALYST,
550e8400-e29b-41d4-a716-446655440000,4bc27d8e-f470-4046-8e38-9697c3da1c15,txn-00810,369.71,GHS,2025-02-09T18:15:00Z,FALSE_POSITIVE,CRYPTO,device-029,ip-hash-2,US,MOBILE,CHARGEBACK,
550e8400-e29b-41d4-a716-446655440000,a33b91e6-00ad-4603-9e76-8b6cab0821f8,txn-00811,755.2,GHS,2025-02-09T18:30:00Z,FALSE_POSITIVE,RETAIL,device-022,ip-hash-26,GH,WEB,CHARGEBACK,
550e8400-e29b-41d4-a716-446655440000,ed613ee6-3273-4968-b47d-c6826b92af82,txn-00812,529.84,USD,2025-02-09T18:45:00Z,FALSE_POSITIVE,RETAIL,device-012,ip-hash-41,US,WEB,ANALYST,
550e8400-e29b-41d4-a716-446655440000,8ef0b6c7-a300-4d6c-8ba7-2af34390ed9a,txn-00813,445.12,GHS,2025-02-09T19:00:00Z,FALSE_POSITIVE,RETAIL,device-028,ip-hash-23,GH,WEB,SYSTEM,
550e8400-e29b-41d4-a716-446655440000,8f679098-4ffb-449c-b0f4-4201be3a7917,txn-00814,561.73,USD,2025-02-09T19:15:00Z,CONFIRMED_LEGIT,RETAIL,device-019,ip-hash-35,US,WEB,SYSTEM,
550e8400-e29b-41d4-a716-446655440000,ed613ee6-3273-4968-b47d-c6826b92af82,txn-00815,705.37,GHS,2025-02-09T19:30:00Z,FALSE_POSITIVE,RETAIL,device-ring-3,ip-hash-47,GH,WEB,CHARGEBACK,
550e8400-e29b-41d4-a716-446655440000,ce648f5d-46be-444d-864b-1f53fb863fe7,txn-00816,253.24,USD,2025-02-09T19:45:00Z,FALSE_POSITIVE,RETAIL,device-002,ip-hash-2,US,MOBILE,ANALYST,
550e8400-e29b-41d4-a716-446655440000,b2b850fb-f6cb-4460-ae12-4fe684f63e95,txn-00817,406.69,GHS,2025-02-09T20:00:00Z,FALSE_POSITIVE,GAMBLING,device-023,ip-hash-17,US,MOBILE,CHARGEBACK,
550e8400-e29b-41d4-a716-446655440000,b54bb828-5a85-4631-aa87-2afcca3ed571,txn-00818,104.18,USD,2025-02-09T20:15:00Z,FALSE_POSITIVE,RETAIL,device-024,ip-hash-30,US,MOBILE,SYSTEM,
550e8400-e29b-41d4-a716-446655440000,c421d45d-6669-4ea1-bb49-f722c87a338b,txn-00819,716.0,USD,2025-02-09T20:30:00Z,FALSE_POSITIVE,RETAIL,device-018,ip-hash-23,US,WEB,SYSTEM,
550e8400-e29b-41d4-a716-446655440000,15ef858e-69ab-4933-8b5a-3197feda26bc,txn-00820,460.35,GHS,2025-02-09T20:45:00Z,FALSE_POSITIVE,RETAIL,device-025,ip-hash-34,GH,MOBILE,ANALYST,
550e8400-e29b-41d4-a716-446655440000,8f65bd74-bc20-4675-a4cd-90f08ef7e140,txn-00821,659.16,GHS,2025-02-09T21:00:00Z,FALSE_POSITIVE,RETAIL,device-ring-3,ip-hash-27,GH,MOBILE,CHARGEBACK,
550e8400-e29b-41d4-a716-446655440000,f1021207-3ee3-4991-a9a5-b445314c8cf8,txn-00822,383.62,GHS,2025-02-09T21:15:00Z,FALSE_POSITIVE,RETAIL,device-ring-3,ip-hash-38,US,WEB,SYSTEM,
550e8400-e29b-41d4-a716-446655440000,51fd83e6-0dcd-4148-b8ca-e89e6228fcb9,txn-00823,797.23,GHS,2025-02-09T21:30:00Z,FALSE_POSITIVE,RETAIL,device-015,ip-hash-11,GH,MOBILE,ANALYST,
550e8400-e29b-41d4-a716-446655440000,a33b91e6-00ad-4603-9e76-8b6cab0821f8,txn-00824,774.59,USD,2025-02-09T21:45:00Z,FALSE_POSITIVE,RETAIL,device-022,ip-hash-45,GH,WEB,ANALYST,
550e8400-e29b-41d4-a716-446655440000,9f82f1a6-0744-42d9-998e-f835517a03b5,txn-00825,755.54,GHS,2025-02-09T22:00:00Z,FALSE_POSITIVE,RETAIL,device-001,ip-hash-8,GH,WEB,SYSTEM,
550e8400-e29b-41d4-a716-446655440000,35fcf2ba-996e-4d28-810b-def28871df3a,txn-00826,1189.87,GHS,2025-02-09T22:15:00Z,CONFIRMED_FRAUD,GAMBLING,device-009,ip-hash-19,US,MOBILE,CHARGEBACK,
550e8400-e29b-41d4-a716-446655440000,3627a528-417e-442d-83a1-6b12ce78d7d6,txn-00827,340.3,GHS,2025-02-09T22:30:00Z,FALSE_POSITIVE,CRYPTO,device-ring-1,ip-hash-14,GH,WEB,CHARGEBACK,
550e8400-e29b-41d4-a716-446655440000,bbbe5d39-7538-42df-a2fa-7f8c90d764ac,txn-00828,58.71,GHS,2025-02-09T22:45:00Z,FALSE_POSITIVE,RETAIL,device-ring-1,ip-hash-37,US,WEB,ANALYST,
550e8400-e29b-41d4-a716-446655440000,51fd83e6-0dcd-4148-b8ca-e89e6228fcb9,txn-00829,667.78,GHS,2025-02-09T23:00:00Z,FALSE_POSITIVE,RETAIL,device-ring-3,ip-hash-49,US,WEB,CHARGEBACK,
550e8400-e29b-41d4-a716-446655440000,94563568-b3bd-4d66-8f06-de0b49bffece,txn-00830,76.01,GHS,2025-02-09T23:15:00Z,FALSE_POSITIVE,RETAIL,device-027,ip-hash-25,GH,WEB,ANALYST,
550e8400-e29b-41d4-a716-446655440000,6e493456-d626-4f6d-a7de-a740c24925c5,txn-00831,3517.0,USD,2025-02-09T23:30:00Z,CONFIRMED_FRAUD,CRYPTO,device-ring-3,ip-hash-11,GH,WEB,SYSTEM,
550e8400-e29b-41d4-a716-446655440000,f9298b91-a55e-43e8-88f5-3313ff3dc09e,txn-00832,3017.09,USD,2025-02-09T23:45:00Z,CONFIRMED_FRAUD,GAMBLING,device-020,ip-hash-37,GH,WEB,SYSTEM,
550e8400-e29b-41d4-a716-446655440000,8ef0b6c7-a300-4d6c-8ba7-2af34390ed9a,txn-00833,3462.14,USD,2025-02-10T00:00:00Z,CONFIRMED_FRAUD,CRYPTO,device-028,ip-hash-18,GH,MOBILE,SYSTEM,
550e8400-e29b-41d4-a716-446655440000,b11eb531-0bb9-440f-8d8c-e82da713b8f4,txn-00834,358.16,GHS,2025-02-10T00:15:00Z,FALSE_POSITIVE,GAMBLING,device-026,ip-hash-26,GH,WEB,CHARGEBACK,
550e8400-e29b-41d4-a716-446655440000,53b8e0f1-36d4-45ed-893f-544d81b563c8,txn-00835,334.87,GHS,2025-02-10T00:30:00Z,FALSE_POSITIVE,CRYPTO,device-ring-2,ip-hash-6,GH,MOBILE,SYSTEM,
550e8400-e29b-41d4-a716-446655440000,2066ffb4-4a04-4f47-9d1b-26fd98b1c654,txn-00836,150.22,GHS,2025-02-10T00:45:00Z,FALSE_POSITIVE,GAMBLING,device-ring-1,ip-hash-44,GH,MOBILE,SYSTEM,
550e8400-e29b-41d4-a716-446655440000,53b8e0f1-36d4-45ed-893f-544d81b563c8,txn-00837,3709.85,USD,2025-02-10T01:00:00Z,CONFIRMED_FRAUD,GAMBLING,device-ring-2,ip-hash-27,US,WEB,ANALYST,
550e8400-e29b-41d4-a716-446655440000,b11eb531-0bb9-440f-8d8c-e82da713b8f4,txn-00838,46.24,USD,2025-02-10T01:15:00Z,FALSE_POSITIVE,RETAIL,device-026,ip-hash-32,US,MOBILE,ANALYST,
550e8400-e29b-41d4-a716-446655440000,9f82f1a6-0744-42d9-998e-f835517a03b5,txn-00839,444.73,USD,2025-02-10T01:30:00Z,FALSE_POSITIVE,RETAIL,device-ring-1,ip-hash-2,US,MOBILE,CHARGEBACK,
550e8400-e29b-41d4-a716-446655440000,b54bb828-5a85-4631-aa87-2afcca3ed571,txn-00840,629.25,GHS,2025-02-10T01:45:00Z,FALSE_POSITIVE,RETAIL,device-024,ip-hash-29,GH,MOBILE,CHARGEBACK,
550e8400-e29b-41d4-a716-446655440000,672764d9-f906-418d-8355-4411b62bb366,txn-00841,138.71,GHS,2025-02-10T02:00:00Z,FALSE_POSITIVE,RETAIL,device-011,ip-hash-3,GH,WEB,SYSTEM,
550e8400-e29b-41d4-a716-446655440000,35fcf2ba-996e-4d28-810b-def28871df3a,txn-00842,138.07,GHS,2025-02-10T02:15:00Z,FALSE_POSITIVE,RETAIL,device-009,ip-hash-39,US,WEB,ANALYST,
550e8400-e29b-41d4-a716-446655440000,b11eb531-0bb9-440f-8d8c-e82da713b8f4,txn-00843,470.2,USD,2025-02-10T02:30:00Z,FALSE_POSITIVE,RETAIL,device-026,ip-hash-11,GH,WEB,CHARGEBACK,
550e8400-e29b-41d4-a716-446655440000,ed613ee6-3273-4968-b47d-c6826b92af82,txn-00844,665.25,GHS,2025-02-10T02:45:00Z,FALSE_POSITIVE,GAMBLING,device-012,ip-hash-14,US,WEB,SYSTEM,
550e8400-e29b-41d4-a716-446655440000,756ca5e1-dfef-4fc4-bb44-f5c3ba321b45,txn-00845,567.66,GHS,2025-02-10T03:00:00Z,CONFIRMED_LEGIT,RETAIL,device-008,ip-hash-22,GH,WEB,SYSTEM,
550e8400-e29b-41d4-a716-446655440000,53b8e0f1-36d4-45ed-893f-544d81b563c8,txn-00846,3613.3,GHS,2025-02-10T03:15:00Z,CONFIRMED_FRAUD,CRYPTO,device-ring-2,ip-hash-1,GH,MOBILE,ANALYST,
550e8400-e29b-41d4-a716-446655440000,6e493456-d626-4f6d-a7de-a740c24925c5,txn-00847,564.12,USD,2025-02-10T03:30:00Z,FALSE_POSITIVE,GAMBLING,device-ring-3,ip-hash-35,GH,WEB,SYSTEM,
550e8400-e29b-41d4-a716-446655440000,bbbe5d39-7538-42df-a2fa-7f8c90d764ac,txn-00848,651.16,USD,2025-02-10T03:45:00Z,FALSE_POSITIVE,GAMBLING,device-ring-1,ip-hash-50,GH,MOBILE,ANALYST,
550e8400-e29b-41d4-a716-446655440000,672764d9-f906-418d-8355-4411b62bb366,txn-00849,358.44,GHS,2025-02-10T04:00:00Z,CONFIRMED_LEGIT,RETAIL,device-ring-2,ip-hash-44,US,MOBILE,CHARGEBACK,
550e8400-e29b-41d4-a716-446655440000,b11eb531-0bb9-440f-8d8c-e82da713b8f4,txn-00850,246.03,USD,2025-02-10T04:15:00Z,FALSE_POSITIVE,GAMBLING,device-026,ip-hash-32,US,MOBILE,ANALYST,
550e8400-e29b-41d4-a716-446655440000,51fd83e6-0dcd-4148-b8ca-e89e6228fcb9,txn-00851,567.04,GHS,2025-02-10T04:30:00Z,CONFIRMED_LEGIT,RETAIL,device-ring-3,ip-hash-8,US,WEB,CHARGEBACK,
550e8400-e29b-41d4-a716-446655440000,6e493456-d626-4f6d-a7de-a740c24925c5,txn-00852,3824.67,USD,2025-02-10T04:45:00Z,CONFIRMED_FRAUD,CRYPTO,device-017,ip-hash-5,GH,MOBILE,CHARGEBACK,
550e8400-e29b-41d4-a716-446655440000,756ca5e1-dfef-4fc4-bb44-f5c3ba321b45,txn-00853,685.11,GHS,2025-02-10T05:00:00Z,CONFIRMED_LEGIT,CRYPTO,device-008,ip-hash-13,GH,WEB,SYSTEM,
550e8400-e29b-41d4-a716-446655440000,6e493456-d626-4f6d-a7de-a740c24925c5,txn-00854,6.55,USD,2025-02-10T05:15:00Z,FALSE_POSITIVE,RETAIL,device-017,ip-hash-21,US,WEB,ANALYST,
550e8400-e29b-41d4-a716-446655440000,bbbe5d39-7538-42df-a2fa-7f8c90d764ac,txn-00855,375.94,USD,2025-02-10T05:30:00Z,FALSE_POSITIVE,RETAIL,device-003,ip-hash-4,US,WEB,SYSTEM,
550e8400-e29b-41d4-a716-446655440000,902657c4-3bca-452c-8262-226b94e10e9e,txn-00856,316.53,USD,2025-02-10T05:45:00Z,FALSE_POSITIVE,RETAIL,device-014,ip-hash-48,GH,WEB,CHARGEBACK,
550e8400-e29b-41d4-a716-446655440000,4bc27d8e-f470-4046-8e38-9697c3da1c15,txn-00857,135.76,USD,2025-02-10T06:00:00Z,FALSE_POSITIVE,RETAIL,device-029,ip-hash-2,US,WEB,CHARGEBACK,
550e8400-e29b-41d4-a716-446655440000,c421d45d-6669-4ea1-bb49-f722c87a338b,txn-00858,748.37,USD,2025-02-10T06:15:00Z,FALSE_POSITIVE,GAMBLING,device-018,ip-hash-7,US,MOBILE,ANALYST,
550e8400-e29b-41d4-a716-446655440000,b11eb531-0bb9-440f-8d8c-e82da713b8f4,txn-00859,2001.15,USD,2025-02-10T06:30:00Z,CONFIRMED_FRAUD,CRYPTO,device-026,ip-hash-50,US,MOBILE,SYSTEM,
550e8400-e29b-41d4-a716-446655440000,902657c4-3bca-452c-8262-226b94e10e9e,txn-00860,73.0,GHS,2025-02-10T06:45:00Z,FALSE_POSITIVE,RETAIL,device-ring-3,ip-hash-45,GH,MOBILE,CHARGEBACK,
550e8400-e29b-41d4-a716-446655440000,4bc27d8e-f470-4046-8e38-9697c3da1c15,txn-00861,48.56,GHS,2025-02-10T07:00:00Z,FALSE_POSITIVE,RETAIL,device-029,ip-hash-5,GH,MOBILE,SYSTEM,
550e8400-e29b-41d4-a716-446655440000,9f82f1a6-0744-42d9-998e-f835517a03b5,txn-00862,308.26,USD,2025-02-10T07:15:00Z,FALSE_POSITIVE,RETAIL,device-001,ip-hash-39,GH,WEB,ANALYST,
550e8400-e29b-41d4-a716-446655440000,902657c4-3bca-452c-8262-226b94e10e9e,txn-00863,704.55,USD,2025-02-10T07:30:00Z,FALSE_POSITIVE,RETAIL,device-ring-3,ip-hash-30,US,MOBILE,CHARGEBACK,
550e8400-e29b-41d4-a716-446655440000,bbbe5d39-7538-42df-a2fa-7f8c90d764ac,txn-00864,3709.85,USD,2025-02-10T07:45:00Z,CONFIRMED_FRAUD,CRYPTO,device-003,ip-hash-41,US,WEB,ANALYST,
550e8400-e29b-41d4-a716-446655440000,51fd83e6-0dcd-4148-b8ca-e89e6228fcb9,txn-00865,358.48,USD,2025-02-10T08:00:00Z,FALSE_POSITIVE,RETAIL,device-015,ip-hash-9,US,WEB,SYSTEM,
550e8400-e29b-41d4-a716-446655440000,f9298b91-a55e-43e8-88f5-3313ff3dc09e,txn-00866,252.39,USD,2025-02-10T08:15:00Z,FALSE_POSITIVE,CRYPTO,device-020,ip-hash-10,US,WEB,SYSTEM,
550e8400-e29b-41d4-a716-446655440000,53b8e0f1-36d4-45ed-893f-544d81b563c8,txn-00867,776.37,USD,2025-02-10T08:30:00Z,FALSE_POSITIVE,RETAIL,device-010,ip-hash-4,GH,MOBILE,ANALYST,
550e8400-e29b-41d4-a716-446655440000,672764d9-f906-418d-8355-4411b62bb366,txn-00868,1401.67,GHS,2025-02-10T08:45:00Z,CONFIRMED_FRAUD,RETAIL,device-011,ip-hash-13,US,WEB,SYSTEM,
550e8400-e29b-41d4-a716-446655440000,a33b91e6-00ad-4603-9e76-8b6cab0821f8,txn-00869,464.84,GHS,2025-02-10T09:00:00Z,FALSE_POSITIVE,CRYPTO,device-022,ip-hash-27,US,MOBILE,CHARGEBACK,
550e8400-e29b-41d4-a716-446655440000,902657c4-3bca-452c-8262-226b94e10e9e,txn-00870,728.88,USD,2025-02-10T09:15:00Z,FALSE_POSITIVE,RETAIL,device-014,ip-hash-45,GH,WEB,SYSTEM,
550e8400-e29b-41d4-a716-446655440000,2f54dd7c-efcb-4c4e-ae1a-10a699c012e0,txn-00871,589.0,GHS,2025-02-10T09:30:00Z,FALSE_POSITIVE,CRYPTO,device-ring-2,ip-hash-14,US,MOBILE,CHARGEBACK,
550e8400-e29b-41d4-a716-446655440000,672764d9-f906-418d-8355-4411b62bb366,txn-00872,2110.49,GHS,2025-02-10T09:45:00Z,CONFIRMED_FRAUD,CRYPTO,device-ring-2,ip-hash-13,US,MOBILE,CHARGEBACK,
550e8400-e29b-41d4-a716-446655440000,2f54dd7c-efcb-4c4e-ae1a-10a699c012e0,txn-00873,1283.66,GHS,2025-02-10T10:00:00Z,CONFIRMED_FRAUD,RETAIL,device-006,ip-hash-36,GH,MOBILE,CHARGEBACK,
550e8400-e29b-41d4-a716-446655440000,2a0b3109-3786-4553-9828-c8fdab778163,txn-00874,1678.05,USD,2025-02-10T10:15:00Z,CONFIRMED_FRAUD,GAMBLING,device-000,ip-hash-25,GH,WEB,CHARGEBACK,
550e8400-e29b-41d4-a716-446655440000,35fcf2ba-996e-4d28-810b-def28871df3a,txn-00875,298.86,GHS,2025-02-10T10:30:00Z,FALSE_POSITIVE,RETAIL,device-ring-2,ip-hash-46,GH,MOBILE,CHARGEBACK,
550e8400-e29b-41d4-a716-446655440000,8ef0b6c7-a300-4d6c-8ba7-2af34390ed9a,txn-00876,636.94,GHS,2025-02-10T10:45:00Z,CONFIRMED_LEGIT,RETAIL,device-028,ip-hash-45,US,WEB,SYSTEM,
550e8400-e29b-41d4-a716-446655440000,f1021207-3ee3-4991-a9a5-b445314c8cf8,txn-00877,199.42,USD,2025-02-10T11:00:00Z,CONFIRMED_LEGIT,RETAIL,device-013,ip-hash-35,US,MOBILE,ANALYST,
550e8400-e29b-41d4-a716-446655440000,23b30481-729a-4437-aebf-5d1d3f93a401,txn-00878,4080.25,GHS,2025-02-10T11:15:00Z,CONFIRMED_FRAUD,RETAIL,device-007,ip-hash-14,GH,WEB,SYSTEM,
550e8400-e29b-41d4-a716-446655440000,8f679098-4ffb-449c-b0f4-4201be3a7917,txn-00879,2788.76,GHS,2025-02-10T11:30:00Z,CONFIRMED_FRAUD,CRYPTO,device-019,ip-hash-32,US,MOBILE,ANALYST,
550e8400-e29b-41d4-a716-446655440000,a33b91e6-00ad-4603-9e76-8b6cab0821f8,txn-00880,557.14,GHS,2025-02-10T11:45:00Z,FALSE_POSITIVE,GAMBLING,device-022,ip-hash-31,US,WEB,SYSTEM,
550e8400-e29b-41d4-a716-446655440000,4bc27d8e-f470-4046-8e38-9697c3da1c15,txn-00881,521.54,USD,2025-02-10T12:00:00Z,FALSE_POSITIVE,RETAIL,device-029,ip-hash-29,GH,WEB,CHARGEBACK,
550e8400-e29b-41d4-a716-446655440000,35fcf2ba-996e-4d28-810b-def28871df3a,txn-00882,304.78,GHS,2025-02-10T12:15:00Z,FALSE_POSITIVE,RETAIL,device-009,ip-hash-36,GH,MOBILE,CHARGEBACK,
550e8400-e29b-41d4-a716-446655440000,35fcf2ba-996e-4d28-810b-def28871df3a,txn-00883,284.5,GHS,2025-02-10T12:30:00Z,FALSE_POSITIVE,RETAIL,device-ring-2,ip-hash-28,US,WEB,ANALYST,
550e8400-e29b-41d4-a716-446655440000,f1021207-3ee3-4991-a9a5-b445314c8cf8,txn-00884,400.55,GHS,2025-02-10T12:45:00Z,FALSE_POSITIVE,RETAIL,device-ring-3,ip-hash-15,US,MOBILE,ANALYST,
550e8400-e29b-41d4-a716-446655440000,8ef0b6c7-a300-4d6c-8ba7-2af34390ed9a,txn-00885,4291.72,USD,2025-02-10T13:00:00Z,CONFIRMED_FRAUD,CRYPTO,device-028,ip-hash-18,GH,MOBILE,CHARGEBACK,
550e8400-e29b-41d4-a716-446655440000,ce648f5d-46be-444d-864b-1f53fb863fe7,txn-00886,439.09,GHS,2025-02-10T13:15:00Z,FALSE_POSITIVE,RETAIL,device-002,ip-hash-20,US,MOBILE,SYSTEM,
550e8400-e29b-41d4-a716-446655440000,8f679098-4ffb-449c-b0f4-4201be3a7917,txn-00887,798.73,GHS,2025-02-10T13:30:00Z,CONFIRMED_LEGIT,GAMBLING,device-019,ip-hash-1,US,WEB,ANALYST,
550e8400-e29b-41d4-a716-446655440000,15ef858e-69ab-4933-8b5a-3197feda26bc,txn-00888,756.92,USD,2025-02-10T13:45:00Z,CONFIRMED_LEGIT,GAMBLING,device-025,ip-hash-31,GH,WEB,CHARGEBACK,
550e8400-e29b-41d4-a716-446655440000,23b30481-729a-4437-aebf-5d1d3f93a401,txn-00889,171.85,GHS,2025-02-10T14:00:00Z,FALSE_POSITIVE,RETAIL,device-ring-2,ip-hash-47,US,WEB,CHARGEBACK,
550e8400-e29b-41d4-a716-446655440000,53b8e0f1-36d4-45ed-893f-544d81b563c8,txn-00890,345.89,GHS,2025-02-10T14:15:00Z,FALSE_POSITIVE,CRYPTO,device-ring-2,ip-hash-29,GH,WEB,CHARGEBACK,
550e8400-e29b-41d4-a716-446655440000,c421d45d-6669-4ea1-bb49-f722c87a338b,txn-00891,247.93,GHS,2025-02-10T14:30:00Z,FALSE_POSITIVE,GAMBLING,device-018,ip-hash-43,US,WEB,CHARGEBACK,
550e8400-e29b-41d4-a716-446655440000,f1021207-3ee3-4991-a9a5-b445314c8cf8,txn-00892,603.34,GHS,2025-02-10T14:45:00Z,FALSE_POSITIVE,GAMBLING,device-013,ip-hash-21,GH,MOBILE,CHARGEBACK,
550e8400-e29b-41d4-a716-446655440000,3627a528-417e-442d-83a1-6b12ce78d7d6,txn-00893,795.43,GHS,2025-02-10T15:00:00Z,CONFIRMED_LEGIT,RETAIL,device-004,ip-hash-25,GH,WEB,CHARGEBACK,
550e8400-e29b-41d4-a716-446655440000,6e493456-d626-4f6d-a7de-a740c24925c5,txn-00894,382.45,GHS,2025-02-10T15:15:00Z,FALSE_POSITIVE,RETAIL,device-017,ip-hash-6,GH,MOBILE,SYSTEM,
550e8400-e29b-41d4-a716-446655440000,6e493456-d626-4f6d-a7de-a740c24925c5,txn-00895,4219.14,USD,2025-02-10T15:30:00Z,CONFIRMED_FRAUD,CRYPTO,device-ring-3,ip-hash-5,US,WEB,CHARGEBACK,
550e8400-e29b-41d4-a716-446655440000,23b30481-729a-4437-aebf-5d1d3f93a401,txn-00896,421.89,USD,2025-02-10T15:45:00Z,FALSE_POSITIVE,RETAIL,device-ring-2,ip-hash-11,US,WEB,ANALYST,
550e8400-e29b-41d4-a716-446655440000,2066ffb4-4a04-4f47-9d1b-26fd98b1c654,txn-00897,107.66,GHS,2025-02-10T16:00:00Z,CONFIRMED_LEGIT,RETAIL,device-005,ip-hash-14,GH,MOBILE,ANALYST,
550e8400-e29b-41d4-a716-446655440000,f1021207-3ee3-4991-a9a5-b445314c8cf8,txn-00898,533.51,GHS,2025-02-10T16:15:00Z,FALSE_POSITIVE,RETAIL,device-ring-3,ip-hash-38,GH,WEB,ANALYST,
550e8400-e29b-41d4-a716-446655440000,2f54dd7c-efcb-4c4e-ae1a-10a699c012e0,txn-00899,1142.11,USD,2025-02-10T16:30:00Z,CONFIRMED_FRAUD,GAMBLING,device-ring-2,ip-hash-34,US,WEB,ANALYST,
550e8400-e29b-41d4-a716-446655440000,902657c4-3bca-452c-8262-226b94e10e9e,txn-00900,591.15,GHS,2025-02-10T16:45:00Z,FALSE_POSITIVE,RETAIL,device-014,ip-hash-23,US,WEB,SYSTEM,
550e8400-e29b-41d4-a716-446655440000,b11eb531-0bb9-440f-8d8c-e82da713b8f4,txn-00901,144.23,GHS,2025-02-10T17:00:00Z,FALSE_POSITIVE,RETAIL,device-026,ip-hash-30,US,MOBILE,SYSTEM,
550e8400-e29b-41d4-a716-446655440000,c421d45d-6669-4ea1-bb49-f722c87a338b,txn-00902,3643.9,USD,2025-02-10T17:15:00Z,CONFIRMED_FRAUD,GAMBLING,device-018,ip-hash-18,US,MOBILE,SYSTEM,
550e8400-e29b-41d4-a716-446655440000,b2b850fb-f6cb-4460-ae12-4fe684f63e95,txn-00903,177.72,USD,2025-02-10T17:30:00Z,FALSE_POSITIVE,RETAIL,device-023,ip-hash-24,GH,MOBILE,SYSTEM,
550e8400-e29b-41d4-a716-446655440000,b54bb828-5a85-4631-aa87-2afcca3ed571,txn-00904,331.03,USD,2025-02-10T17:45:00Z,FALSE_POSITIVE,RETAIL,device-024,ip-hash-33,GH,WEB,CHARGEBACK,
550e8400-e29b-41d4-a716-446655440000,ce648f5d-46be-444d-864b-1f53fb863fe7,txn-00905,542.12,GHS,2025-02-10T18:00:00Z,FALSE_POSITIVE,RETAIL,device-ring-1,ip-hash-13,US,MOBILE,CHARGEBACK,
550e8400-e29b-41d4-a716-446655440000,756ca5e1-dfef-4fc4-bb44-f5c3ba321b45,txn-00906,4627.12,GHS,2025-02-10T18:15:00Z,CONFIRMED_FRAUD,GAMBLING,device-008,ip-hash-30,GH,MOBILE,SYSTEM,
550e8400-e29b-41d4-a716-446655440000,f90397b5-4e55-4b66-ab13-b3b4a34e6e59,txn-00907,760.26,GHS,2025-02-10T18:30:00Z,FALSE_POSITIVE,RETAIL,device-021,ip-hash-11,GH,MOBILE,SYSTEM,
550e8400-e29b-41d4-a716-446655440000,bbbe5d39-7538-42df-a2fa-7f8c90d764ac,txn-00908,1058.68,USD,2025-02-10T18:45:00Z,CONFIRMED_FRAUD,CRYPTO,device-ring-1,ip-hash-44,US,MOBILE,ANALYST,
550e8400-e29b-41d4-a716-446655440000,672764d9-f906-418d-8355-4411b62bb366,txn-00909,3714.86,GHS,2025-02-10T19:00:00Z,CONFIRMED_FRAUD,RETAIL,device-ring-2,ip-hash-45,GH,MOBILE,ANALYST,
550e8400-e29b-41d4-a716-446655440000,a33b91e6-00ad-4603-9e76-8b6cab0821f8,txn-00910,46.67,GHS,2025-02-10T19:15:00Z,FALSE_POSITIVE,RETAIL,device-022,ip-hash-50,GH,MOBILE,ANALYST,
550e8400-e29b-41d4-a716-446655440000,4bc27d8e-f470-4046-8e38-9697c3da1c15,txn-00911,77.65,USD,2025-02-10T19:30:00Z,FALSE_POSITIVE,RETAIL,device-029,ip-hash-22,GH,MOBILE,CHARGEBACK,
550e8400-e29b-41d4-a716-446655440000,8ef0b6c7-a300-4d6c-8ba7-2af34390ed9a,txn-00912,4259.23,USD,2025-02-10T19:45:00Z,CONFIRMED_FRAUD,CRYPTO,device-028,ip-hash-3,US,MOBILE,ANALYST,
550e8400-e29b-41d4-a716-446655440000,53b8e0f1-36d4-45ed-893f-544d81b563c8,txn-00913,155.69,GHS,2025-02-10T20:00:00Z,FALSE_POSITIVE,RETAIL,device-ring-2,ip-hash-8,GH,MOBILE,CHARGEBACK,
550e8400-e29b-41d4-a716-446655440000,672764d9-f906-418d-8355-4411b62bb366,txn-00914,16.92,USD,2025-02-10T20:15:00Z,FALSE_POSITIVE,RETAIL,device-ring-2,ip-hash-30,GH,MOBILE,SYSTEM,
550e8400-e29b-41d4-a716-446655440000,b11eb531-0bb9-440f-8d8c-e82da713b8f4,txn-00915,501.01,USD,2025-02-10T20:30:00Z,FALSE_POSITIVE,RETAIL,device-026,ip-hash-27,US,WEB,CHARGEBACK,
550e8400-e29b-41d4-a716-446655440000,a33b91e6-00ad-4603-9e76-8b6cab0821f8,txn-00916,792.47,USD,2025-02-10T20:45:00Z,FALSE_POSITIVE,CRYPTO,device-022,ip-hash-17,GH,WEB,SYSTEM,
550e8400-e29b-41d4-a716-446655440000,a33b91e6-00ad-4603-9e76-8b6cab0821f8,txn-00917,740.02,USD,2025-02-10T21:00:00Z,FALSE_POSITIVE,GAMBLING,device-022,ip-hash-22,GH,WEB,SYSTEM,
550e8400-e29b-41d4-a716-446655440000,51fd83e6-0dcd-4148-b8ca-e89e6228fcb9,txn-00918,579.42,USD,2025-02-10T21:15:00Z,CONFIRMED_FRAUD,RETAIL,device-ring-3,ip-hash-33,GH,MOBILE,CHARGEBACK,
550e8400-e29b-41d4-a716-446655440000,8f679098-4ffb-449c-b0f4-4201be3a7917,txn-00919,103.62,GHS,2025-02-10T21:30:00Z,FALSE_POSITIVE,RETAIL,device-019,ip-hash-49,GH,MOBILE,CHARGEBACK,
550e8400-e29b-41d4-a716-446655440000,3627a528-417e-442d-83a1-6b12ce78d7d6,txn-00920,240.81,USD,2025-02-10T21:45:00Z,FALSE_POSITIVE,RETAIL,device-ring-1,ip-hash-16,US,WEB,CHARGEBACK,
550e8400-e29b-41d4-a716-446655440000,756ca5e1-dfef-4fc4-bb44-f5c3ba321b45,txn-00921,630.64,GHS,2025-02-10T22:00:00Z,FALSE_POSITIVE,RETAIL,device-008,ip-hash-42,US,MOBILE,CHARGEBACK,
550e8400-e29b-41d4-a716-446655440000,94563568-b3bd-4d66-8f06-de0b49bffece,txn-00922,277.47,USD,2025-02-10T22:15:00Z,FALSE_POSITIVE,RETAIL,device-027,ip-hash-43,GH,MOBILE,SYSTEM,
550e8400-e29b-41d4-a716-446655440000,94563568-b3bd-4d66-8f06-de0b49bffece,txn-00923,260.7,USD,2025-02-10T22:30:00Z,FALSE_POSITIVE,RETAIL,device-027,ip-hash-5,US,MOBILE,CHARGEBACK,
550e8400-e29b-41d4-a716-446655440000,9f82f1a6-0744-42d9-998e-f835517a03b5,txn-00924,117.52,USD,2025-02-10T22:45:00Z,FALSE_POSITIVE,RETAIL,device-ring-1,ip-hash-16,GH,WEB,SYSTEM,
550e8400-e29b-41d4-a716-446655440000,902657c4-3bca-452c-8262-226b94e10e9e,txn-00925,578.73,USD,2025-02-10T23:00:00Z,FALSE_POSITIVE,RETAIL,device-ring-3,ip-hash-20,US,WEB,SYSTEM,
550e8400-e29b-41d4-a716-446655440000,2f54dd7c-efcb-4c4e-ae1a-10a699c012e0,txn-00926,626.12,GHS,2025-02-10T23:15:00Z,FALSE_POSITIVE,RETAIL,device-006,ip-hash-25,GH,WEB,ANALYST,
550e8400-e29b-41d4-a716-446655440000,f1021207-3ee3-4991-a9a5-b445314c8cf8,txn-00927,589.27,GHS,2025-02-10T23:30:00Z,FALSE_POSITIVE,GAMBLING,device-013,ip-hash-2,US,WEB,CHARGEBACK,
550e8400-e29b-41d4-a716-446655440000,b54bb828-5a85-4631-aa87-2afcca3ed571,txn-00928,243.68,USD,2025-02-10T23:45:00Z,CONFIRMED_LEGIT,RETAIL,device-024,ip-hash-17,US,WEB,ANALYST,
550e8400-e29b-41d4-a716-446655440000,902657c4-3bca-452c-8262-226b94e10e9e,txn-00929,451.9,GHS,2025-02-11T00:00:00Z,FALSE_POSITIVE,RETAIL,device-ring-3,ip-hash-13,GH,MOBILE,CHARGEBACK,
550e8400-e29b-41d4-a716-446655440000,2a0b3109-3786-4553-9828-c8fdab778163,txn-00930,585.64,GHS,2025-02-11T00:15:00Z,FALSE_POSITIVE,RETAIL,device-ring-1,ip-hash-26,US,WEB,ANALYST,
550e8400-e29b-41d4-a716-446655440000,35fcf2ba-996e-4d28-810b-def28871df3a,txn-00931,472.71,USD,2025-02-11T00:30:00Z,FALSE_POSITIVE,RETAIL,device-ring-2,ip-hash-25,GH,MOBILE,ANALYST,
550e8400-e29b-41d4-a716-446655440000,756ca5e1-dfef-4fc4-bb44-f5c3ba321b45,txn-00932,602.5,GHS,2025-02-11T00:45:00Z,FALSE_POSITIVE,RETAIL,device-008,ip-hash-45,GH,WEB,ANALYST,
550e8400-e29b-41d4-a716-446655440000,b2b850fb-f6cb-4460-ae12-4fe684f63e95,txn-00933,384.79,GHS,2025-02-11T01:00:00Z,FALSE_POSITIVE,CRYPTO,device-023,ip-hash-41,GH,MOBILE,ANALYST,
550e8400-e29b-41d4-a716-446655440000,8f679098-4ffb-449c-b0f4-4201be3a7917,txn-00934,546.45,USD,2025-02-11T01:15:00Z,FALSE_POSITIVE,RETAIL,device-019,ip-hash-1,GH,MOBILE,SYSTEM,
550e8400-e29b-41d4-a716-446655440000,a33b91e6-00ad-4603-9e76-8b6cab0821f8,txn-00935,321.15,USD,2025-02-11T01:30:00Z,CONFIRMED_LEGIT,RETAIL,device-022,ip-hash-34,GH,WEB,CHARGEBACK,
550e8400-e29b-41d4-a716-446655440000,b11eb531-0bb9-440f-8d8c-e82da713b8f4,txn-00936,555.01,GHS,2025-02-11T01:45:00Z,FALSE_POSITIVE,RETAIL,device-026,ip-hash-38,US,WEB,SYSTEM,
550e8400-e29b-41d4-a716-446655440000,94563568-b3bd-4d66-8f06-de0b49bffece,txn-00937,3362.81,GHS,2025-02-11T02:00:00Z,CONFIRMED_FRAUD,CRYPTO,device-027,ip-hash-10,US,MOBILE,SYSTEM,
550e8400-e29b-41d4-a716-446655440000,ed613ee6-3273-4968-b47d-c6826b92af82,txn-00938,10.1,USD,2025-02-11T02:15:00Z,FALSE_POSITIVE,RETAIL,device-ring-3,ip-hash-5,US,WEB,SYSTEM,
550e8400-e29b-41d4-a716-446655440000,35fcf2ba-996e-4d28-810b-def28871df3a,txn-00939,140.65,USD,2025-02-11T02:30:00Z,FALSE_POSITIVE,RETAIL,device-009,ip-hash-32,GH,MOBILE,ANALYST,
550e8400-e29b-41d4-a716-446655440000,c421d45d-6669-4ea1-bb49-f722c87a338b,txn-00940,152.58,USD,2025-02-11T02:45:00Z,FALSE_POSITIVE,RETAIL,device-018,ip-hash-49,GH,WEB,ANALYST,
550e8400-e29b-41d4-a716-446655440000,902657c4-3bca-452c-8262-226b94e10e9e,txn-00941,501.42,GHS,2025-02-11T03:00:00Z,FALSE_POSITIVE,CRYPTO,device-ring-3,ip-hash-6,US,MOBILE,ANALYST,
550e8400-e29b-41d4-a716-446655440000,ce648f5d-46be-444d-864b-1f53fb863fe7,txn-00942,470.59,USD,2025-02-11T03:15:00Z,FALSE_POSITIVE,RETAIL,device-002,ip-hash-1,GH,WEB,CHARGEBACK,
550e8400-e29b-41d4-a716-446655440000,f90397b5-4e55-4b66-ab13-b3b4a34e6e59,txn-00943,790.16,USD,2025-02-11T03:30:00Z,FALSE_POSITIVE,RETAIL,device-021,ip-hash-25,US,WEB,ANALYST,
550e8400-e29b-41d4-a716-446655440000,b54bb828-5a85-4631-aa87-2afcca3ed571,txn-00944,346.42,GHS,2025-02-11T03:45:00Z,FALSE_POSITIVE,RETAIL,device-024,ip-hash-21,GH,WEB,SYSTEM,
550e8400-e29b-41d4-a716-446655440000,ed613ee6-3273-4968-b47d-c6826b92af82,txn-00945,50.51,USD,2025-02-11T04:00:00Z,FALSE_POSITIVE,RETAIL,device-ring-3,ip-hash-1,US,WEB,SYSTEM,
550e8400-e29b-41d4-a716-446655440000,b11eb531-0bb9-440f-8d8c-e82da713b8f4,txn-00946,115.4,GHS,2025-02-11T04:15:00Z,FALSE_POSITIVE,RETAIL,device-026,ip-hash-45,GH,WEB,ANALYST,
550e8400-e29b-41d4-a716-446655440000,8f679098-4ffb-449c-b0f4-4201be3a7917,txn-00947,696.53,USD,2025-02-11T04:30:00Z,FALSE_POSITIVE,RETAIL,device-019,ip-hash-1,US,MOBILE,SYSTEM,
550e8400-e29b-41d4-a716-446655440000,672764d9-f906-418d-8355-4411b62bb366,txn-00948,775.83,USD,2025-02-11T04:45:00Z,FALSE_POSITIVE,GAMBLING,device-011,ip-hash-39,US,WEB,SYSTEM,
550e8400-e29b-41d4-a716-446655440000,8f679098-4ffb-449c-b0f4-4201be3a7917,txn-00949,281.93,GHS,2025-02-11T05:00:00Z,FALSE_POSITIVE,CRYPTO,device-019,ip-hash-43,GH,WEB,ANALYST,
550e8400-e29b-41d4-a716-446655440000,8f679098-4ffb-449c-b0f4-4201be3a7917,txn-00950,1144.23,USD,2025-02-11T05:15:00Z,CONFIRMED_FRAUD,CRYPTO,device-019,ip-hash-9,US,MOBILE,ANALYST,
550e8400-e29b-41d4-a716-446655440000,b11eb531-0bb9-440f-8d8c-e82da713b8f4,txn-00951,441.25,USD,2025-02-11T05:30:00Z,FALSE_POSITIVE,CRYPTO,device-026,ip-hash-29,GH,WEB,SYSTEM,
550e8400-e29b-41d4-a716-446655440000,6e493456-d626-4f6d-a7de-a740c24925c5,txn-00952,173.25,USD,2025-02-11T05:45:00Z,FALSE_POSITIVE,GAMBLING,device-017,ip-hash-7,US,MOBILE,CHARGEBACK,
550e8400-e29b-41d4-a716-446655440000,4bc27d8e-f470-4046-8e38-9697c3da1c15,txn-00953,722.61,USD,2025-02-11T06:00:00Z,CONFIRMED_LEGIT,GAMBLING,device-029,ip-hash-47,US,WEB,SYSTEM,
550e8400-e29b-41d4-a716-446655440000,bbbe5d39-7538-42df-a2fa-7f8c90d764ac,txn-00954,738.58,GHS,2025-02-11T06:15:00Z,FALSE_POSITIVE,RETAIL,device-ring-1,ip-hash-15,GH,WEB,ANALYST,
550e8400-e29b-41d4-a716-446655440000,4bc27d8e-f470-4046-8e38-9697c3da1c15,txn-00955,590.12,GHS,2025-02-11T06:30:00Z,FALSE_POSITIVE,RETAIL,device-029,ip-hash-15,GH,WEB,CHARGEBACK,
550e8400-e29b-41d4-a716-446655440000,35fcf2ba-996e-4d28-810b-def28871df3a,txn-00956,901.13,USD,2025-02-11T06:45:00Z,CONFIRMED_FRAUD,CRYPTO,device-009,ip-hash-37,US,MOBILE,ANALYST,
550e8400-e29b-41d4-a716-446655440000,ed613ee6-3273-4968-b47d-c6826b92af82,txn-00957,6.33,GHS,2025-02-11T07:00:00Z,FALSE_POSITIVE,RETAIL,device-ring-3,ip-hash-28,US,WEB,SYSTEM,
550e8400-e29b-41d4-a716-446655440000,4bc27d8e-f470-4046-8e38-9697c3da1c15,txn-00958,418.2,USD,2025-02-11T07:15:00Z,FALSE_POSITIVE,RETAIL,device-029,ip-hash-7,US,MOBILE,SYSTEM,
550e8400-e29b-41d4-a716-446655440000,94563568-b3bd-4d66-8f06-de0b49bffece,txn-00959,120.04,USD,2025-02-11T07:30:00Z,FALSE_POSITIVE,CRYPTO,device-027,ip-hash-32,US,MOBILE,SYSTEM,
550e8400-e29b-41d4-a716-446655440000,35fcf2ba-996e-4d28-810b-def28871df3a,txn-00960,3494.08,GHS,2025-02-11T07:45:00Z,CONFIRMED_FRAUD,RETAIL,device-009,ip-hash-20,GH,WEB,SYSTEM,
550e8400-e29b-41d4-a716-446655440000,c421d45d-6669-4ea1-bb49-f722c87a338b,txn-00961,663.81,GHS,2025-02-11T08:00:00Z,FALSE_POSITIVE,RETAIL,device-018,ip-hash-4,US,MOBILE,SYSTEM,
550e8400-e29b-41d4-a716-446655440000,2f54dd7c-efcb-4c4e-ae1a-10a699c012e0,txn-00962,747.87,USD,2025-02-11T08:15:00Z,FALSE_POSITIVE,RETAIL,device-006,ip-hash-32,US,WEB,SYSTEM,
550e8400-e29b-41d4-a716-446655440000,4bc27d8e-f470-4046-8e38-9697c3da1c15,txn-00963,792.9,GHS,2025-02-11T08:30:00Z,FALSE_POSITIVE,RETAIL,device-029,ip-hash-28,US,WEB,ANALYST,
550e8400-e29b-41d4-a716-446655440000,ed613ee6-3273-4968-b47d-c6826b92af82,txn-00964,3770.4,GHS,2025-02-11T08:45:00Z,CONFIRMED_FRAUD,GAMBLING,device-012,ip-hash-7,GH,WEB,SYSTEM,
550e8400-e29b-41d4-a716-446655440000,94563568-b3bd-4d66-8f06-de0b49bffece,txn-00965,680.6,GHS,2025-02-11T09:00:00Z,FALSE_POSITIVE,GAMBLING,device-027,ip-hash-42,GH,MOBILE,ANALYST,
550e8400-e29b-41d4-a716-446655440000,a33b91e6-00ad-4603-9e76-8b6cab0821f8,txn-00966,718.29,USD,2025-02-11T09:15:00Z,FALSE_POSITIVE,RETAIL,device-022,ip-hash-48,GH,WEB,SYSTEM,
550e8400-e29b-41d4-a716-446655440000,94563568-b3bd-4d66-8f06-de0b49bffece,txn-00967,544.26,USD,2025-02-11T09:30:00Z,FALSE_POSITIVE,CRYPTO,device-027,ip-hash-25,US,MOBILE,CHARGEBACK,
550e8400-e29b-41d4-a716-446655440000,bbbe5d39-7538-42df-a2fa-7f8c90d764ac,txn-00968,381.73,GHS,2025-02-11T09:45:00Z,FALSE_POSITIVE,CRYPTO,device-ring-1,ip-hash-38,US,MOBILE,SYSTEM,
550e8400-e29b-41d4-a716-446655440000,b2b850fb-f6cb-4460-ae12-4fe684f63e95,txn-00969,32.02,GHS,2025-02-11T10:00:00Z,FALSE_POSITIVE,RETAIL,device-023,ip-hash-20,GH,WEB,SYSTEM,
550e8400-e29b-41d4-a716-446655440000,15ef858e-69ab-4933-8b5a-3197feda26bc,txn-00970,76.24,GHS,2025-02-11T10:15:00Z,FALSE_POSITIVE,RETAIL,device-025,ip-hash-18,US,WEB,CHARGEBACK,
550e8400-e29b-41d4-a716-446655440000,bbbe5d39-7538-42df-a2fa-7f8c90d764ac,txn-00971,1049.23,USD,2025-02-11T10:30:00Z,CONFIRMED_FRAUD,CRYPTO,device-003,ip-hash-2,US,WEB,SYSTEM,
550e8400-e29b-41d4-a716-446655440000,b2b850fb-f6cb-4460-ae12-4fe684f63e95,txn-00972,3167.96,GHS,2025-02-11T10:45:00Z,CONFIRMED_FRAUD,GAMBLING,device-023,ip-hash-20,GH,MOBILE,ANALYST,
550e8400-e29b-41d4-a716-446655440000,ce648f5d-46be-444d-864b-1f53fb863fe7,txn-00973,690.46,USD,2025-02-11T11:00:00Z,FALSE_POSITIVE,RETAIL,device-ring-1,ip-hash-26,US,MOBILE,SYSTEM,
550e8400-e29b-41d4-a716-446655440000,b11eb531-0bb9-440f-8d8c-e82da713b8f4,txn-00974,572.43,USD,2025-02-11T11:15:00Z,FALSE_POSITIVE,GAMBLING,device-026,ip-hash-49,GH,MOBILE,CHARGEBACK,
550e8400-e29b-41d4-a716-446655440000,94563568-b3bd-4d66-8f06-de0b49bffece,txn-00975,148.05,GHS,2025-02-11T11:30:00Z,FALSE_POSITIVE,RETAIL,device-027,ip-hash-8,GH,MOBILE,SYSTEM,
550e8400-e29b-41d4-a716-446655440000,2f54dd7c-efcb-4c4e-ae1a-10a699c012e0,txn-00976,74.82,USD,2025-02-11T11:45:00Z,FALSE_POSITIVE,RETAIL,device-006,ip-hash-8,US,WEB,SYSTEM,
550e8400-e29b-41d4-a716-446655440000,2066ffb4-4a04-4f47-9d1b-26fd98b1c654,txn-00977,756.46,GHS,2025-02-11T12:00:00Z,FALSE_POSITIVE,RETAIL,device-ring-1,ip-hash-43,US,MOBILE,SYSTEM,
550e8400-e29b-41d4-a716-446655440000,51fd83e6-0dcd-4148-b8ca-e89e6228fcb9,txn-00978,420.52,USD,2025-02-11T12:15:00Z,FALSE_POSITIVE,CRYPTO,device-ring-3,ip-hash-45,GH,MOBILE,CHARGEBACK,
550e8400-e29b-41d4-a716-446655440000,9f82f1a6-0744-42d9-998e-f835517a03b5,txn-00979,1848.69,USD,2025-02-11T12:30:00Z,CONFIRMED_FRAUD,RETAIL,device-001,ip-hash-38,US,WEB,CHARGEBACK,
550e8400-e29b-41d4-a716-446655440000,b2b850fb-f6cb-4460-ae12-4fe684f63e95,txn-00980,64.12,GHS,2025-02-11T12:45:00Z,FALSE_POSITIVE,RETAIL,device-023,ip-hash-42,GH,WEB,ANALYST,
550e8400-e29b-41d4-a716-446655440000,ce648f5d-46be-444d-864b-1f53fb863fe7,txn-00981,542.84,USD,2025-02-11T13:00:00Z,CONFIRMED_LEGIT,CRYPTO,device-ring-1,ip-hash-5,US,MOBILE,SYSTEM,
550e8400-e29b-41d4-a716-446655440000,672764d9-f906-418d-8355-4411b62bb366,txn-00982,519.98,USD,2025-02-11T13:15:00Z,FALSE_POSITIVE,RETAIL,device-ring-2,ip-hash-21,US,WEB,CHARGEBACK,
550e8400-e29b-41d4-a716-446655440000,8f679098-4ffb-449c-b0f4-4201be3a7917,txn-00983,219.75,GHS,2025-02-11T13:30:00Z,FALSE_POSITIVE,RETAIL,device-019,ip-hash-5,US,MOBILE,ANALYST,
550e8400-e29b-41d4-a716-446655440000,4bc27d8e-f470-4046-8e38-9697c3da1c15,txn-00984,222.24,USD,2025-02-11T13:45:00Z,FALSE_POSITIVE,CRYPTO,device-029,ip-hash-18,GH,MOBILE,ANALYST,
550e8400-e29b-41d4-a716-446655440000,23b30481-729a-4437-aebf-5d1d3f93a401,txn-00985,88.48,GHS,2025-02-11T14:00:00Z,FALSE_POSITIVE,CRYPTO,device-ring-2,ip-hash-38,US,MOBILE,SYSTEM,
550e8400-e29b-41d4-a716-446655440000,672764d9-f906-418d-8355-4411b62bb366,txn-00986,692.99,USD,2025-02-11T14:15:00Z,FALSE_POSITIVE,RETAIL,device-011,ip-hash-11,US,WEB,CHARGEBACK,
550e8400-e29b-41d4-a716-446655440000,672764d9-f906-418d-8355-4411b62bb366,txn-00987,543.86,GHS,2025-02-11T14:30:00Z,FALSE_POSITIVE,GAMBLING,device-ring-2,ip-hash-31,GH,WEB,CHARGEBACK,
550e8400-e29b-41d4-a716-446655440000,f90397b5-4e55-4b66-ab13-b3b4a34e6e59,txn-00988,128.62,GHS,2025-02-11T14:45:00Z,FALSE_POSITIVE,RETAIL,device-021,ip-hash-37,US,MOBILE,SYSTEM,
550e8400-e29b-41d4-a716-446655440000,f9298b91-a55e-43e8-88f5-3313ff3dc09e,txn-00989,567.46,GHS,2025-02-11T15:00:00Z,CONFIRMED_LEGIT,RETAIL,device-020,ip-hash-46,US,MOBILE,ANALYST,
550e8400-e29b-41d4-a716-446655440000,672764d9-f906-418d-8355-4411b62bb366,txn-00990,404.27,USD,2025-02-11T15:15:00Z,FALSE_POSITIVE,RETAIL,device-ring-2,ip-hash-20,GH,WEB,ANALYST,
550e8400-e29b-41d4-a716-446655440000,b54bb828-5a85-4631-aa87-2afcca3ed571,txn-00991,76.66,USD,2025-02-11T15:30:00Z,FALSE_POSITIVE,RETAIL,device-024,ip-hash-6,GH,MOBILE,CHARGEBACK,
550e8400-e29b-41d4-a716-446655440000,b2b850fb-f6cb-4460-ae12-4fe684f63e95,txn-00992,744.02,USD,2025-02-11T15:45:00Z,FALSE_POSITIVE,GAMBLING,device-023,ip-hash-28,GH,WEB,ANALYST,
550e8400-e29b-41d4-a716-446655440000,8f65bd74-bc20-4675-a4cd-90f08ef7e140,txn-00993,543.04,USD,2025-02-11T16:00:00Z,FALSE_POSITIVE,RETAIL,device-ring-3,ip-hash-40,GH,MOBILE,SYSTEM,
550e8400-e29b-41d4-a716-446655440000,f1021207-3ee3-4991-a9a5-b445314c8cf8,txn-00994,600.99,USD,2025-02-11T16:15:00Z,FALSE_POSITIVE,RETAIL,device-013,ip-hash-39,US,MOBILE,SYSTEM,
550e8400-e29b-41d4-a716-446655440000,4bc27d8e-f470-4046-8e38-9697c3da1c15,txn-00995,421.2,USD,2025-02-11T16:30:00Z,FALSE_POSITIVE,RETAIL,device-029,ip-hash-24,GH,WEB,CHARGEBACK,
550e8400-e29b-41d4-a716-446655440000,f1021207-3ee3-4991-a9a5-b445314c8cf8,txn-00996,140.53,USD,2025-02-11T16:45:00Z,FALSE_POSITIVE,CRYPTO,device-ring-3,ip-hash-35,GH,WEB,ANALYST,
550e8400-e29b-41d4-a716-446655440000,51fd83e6-0dcd-4148-b8ca-e89e6228fcb9,txn-00997,174.39,USD,2025-02-11T17:00:00Z,FALSE_POSITIVE,GAMBLING,device-ring-3,ip-hash-20,GH,WEB,SYSTEM,
550e8400-e29b-41d4-a716-446655440000,94563568-b3bd-4d66-8f06-de0b49bffece,txn-00998,287.82,GHS,2025-02-11T17:15:00Z,FALSE_POSITIVE,RETAIL,device-027,ip-hash-20,US,MOBILE,CHARGEBACK,
550e8400-e29b-41d4-a716-446655440000,672764d9-f906-418d-8355-4411b62bb366,txn-00999,153.0,GHS,2025-02-11T17:30:00Z,FALSE_POSITIVE,RETAIL,device-ring-2,ip-hash-13,GH,MOBILE,ANALYST,
550e8400-e29b-41d4-a716-446655440000,bbbe5d39-7538-42df-a2fa-7f8c90d764ac,txn-01000,10.49,GHS,2025-02-11T17:45:00Z,CONFIRMED_LEGIT,GAMBLING,device-ring-1,ip-hash-26,US,WEB,ANALYST,
